Composition,Reference,Tg_[K],Tx_[K],Tl_[K],Zmax_[mm],Dmax_[mm],Tx_Flag
Ag1Al19.8Co19.8Cu4.95Zr54.45,10.1016/j.jallcom.2011.01.078,739,813,1275,,10,
Ag1Al9.9Cu22.77Fe4.95Zr61.38,10.1016/j.jallcom.2009.08.030,656,753,1175,,4,
Ag1Cu5P5Pd79Si10,10.1016/j.jnoncrysol.2006.09.025,614,684,1001,,4,
Ag1Gd10Mg74Ni15,10.1016/j.intermet.2010.11.029,442,483,791,,3,
Ag1.8Al14Co5Cu9.2La65Ni5,10.1038/ncomms10313,419,,687,,30,
Ag10Al10Cu40Zr40,10.1016/j.mseb.2007.09.064,710,765,1273,,3,
Ag10Al15Cu20La55,10.2320/matertrans.48.68,416,483,893,,2,
Ag10Al30Ca60,10.1063/1.1637940,483,531,868,,2,
Ag10Al7Cu40Zr43,10.1016/j.msea.2006.07.141,,,,,20,
Ag10Ca60Cu10Mg20,10.2320/matertrans.43.2578,398,428,,,7,
Ag10Cu15Er10Mg65,10.1016/j.jallcom.2005.01.043,427,465,733,,6,
Ag10Cu15Gd10Mg65,10.1557/jmr.2005.0314,416,459,686,,7.5,
Ag10Cu15Gd6Mg65Y4,10.1016/j.msea.2007.01.033,424,467,682,,8,
Ag10Cu15Gd8Mg65Y2,10.1016/j.msea.2007.01.033,420,464,683,,9,
Ag10Cu15Mg65Tb10,10.1016/j.intermet.2008.08.011,,468,697,,6,
Ag10Cu40Zr50,10.1016/j.scriptamat.2007.10.001,667,733,1177,,5,
Ag10Cu45Hf10Zr35,10.1016/j.msea.2007.02.001,690,769,1171,,4,
Ag10Cu45Hf20Zr25,10.1016/j.msea.2007.02.001,698,783,1218,,3,
Ag10Cu45Hf30Zr15,10.1016/j.msea.2007.02.001,712,799,1275,,2,
Ag10Cu45Ni5Ti10Zr30,10.1016/j.scriptamat.2006.01.023,710,738,1160,,5,
Ag10Cu45Zr45,10.1016/j.mseb.2007.09.064,683,756,1159,,6,
Ag10Cu49Ti5Zr36,10.1016/j.scriptamat.2007.10.001,691,737,1130,,8,
Ag10Cu50Ti10Zr30,10.1016/j.scriptamat.2006.01.023,694,726,1130,,4,
Ag10Cu54Zr36,10.1016/j.scriptamat.2007.10.001,719,759,1146,,6,
Ag10.5Cu24.5Mg54Y11,10.1557/jmr.2006.0294,432,493,714,,12,
Ag11.6Cu46.4Ti7Zr35,10.1016/j.scriptamat.2005.11.077,689,732,1119,,6,
Ag12Cu38Zr50,10.1016/j.scriptamat.2007.10.001,663,734,1187,,4,
Ag12Cu44Zr44,10.1016/j.msea.2007.02.001,684,764,1156,,4,
Ag13Al3Cu36Zr48,10.1016/j.jallcom.2007.05.037,690,753,1169,,4.5,
Ag15Cu10Gd10Mg65,10.1557/jmr.2005.0314,461,461,701,,3,
Ag15Cu45Ti10Zr30,10.1016/j.scriptamat.2006.01.023,687,717,1121,,5,
Ag16Cu42Zr42,10.1016/j.msea.2007.02.001,685,757,1232,,2,
Ag2Al14Co6Cu10La62Ni6,10.1016/j.jallcom.2006.07.109,429,471,698,,16,
Ag2Al14Cu22La62,10.1016/j.jallcom.2006.07.109,401,455,722,,5,
Ag2Al6Cu48Zr44,10.1557/jmr.2009.0344,704,788,1168,,12,
Ag2Al7Cu43Zr48,10.1016/j.jallcom.2006.06.088,700,761,1152,,12,
Ag2Cu4P5Pd79Si10,10.1016/j.jnoncrysol.2006.09.025,613,684,1005,,5,
Ag2Cu48Zr50,10.1016/j.scriptamat.2007.10.001,668,719,1192,,2,
Ag2Gd10Mg73Ni15,10.1016/j.intermet.2010.11.029,442,489,780,,3.5,
Ag2.3Al14Co5Cu11.7La62Ni5,10.1016/j.jallcom.2008.07.087,418,491,703,,20,
Ag2.33Al14Co5Cu11.67La62Ni5,10.1016/j.jallcom.2006.07.109,418,491,703,,20,
Ag2.5Cu22.5Mg65Tb10,10.1016/j.intermet.2008.08.011,428,496,729,,7,
Ag2.67Al14Co4Cu13.33La62Ni4,10.1016/j.jallcom.2006.07.109,415,477,708,,16,
Ag2.7Al14Co4Cu13.3La62Ni4,10.1016/j.jallcom.2008.07.087,415,477,708,,16,
Ag20Ca60Mg20,10.2320/matertrans.43.2578,401,435,,,4,
Ag20Cu40Ti10Zr30,10.1016/j.scriptamat.2006.01.023,677,708,1125,,3,
Ag20Cu5Gd10Mg65,10.1557/jmr.2005.0314,467.5,467.5,709,,0.5,
Ag25Cu35Ti10Zr30,10.1016/j.scriptamat.2006.01.023,,706,1138,,2,
Ag3Al19.4Co19.4Cu4.85Zr53.35,10.1016/j.jallcom.2011.01.078,740,805,1246,,16,
Ag3Al5Cu47Zr45,10.1557/jmr.2009.0344,702,785,1160,,15,
Ag3Al7Cu42Zr48,10.1016/j.jallcom.2006.06.088,700,763,1135,,10,
Ag3Al7Cu45Zr45,10.1016/j.mseb.2007.09.064,708,786,1177,,8,
Ag3Al7Cu47Zr43,10.1016/j.msea.2006.07.141,,,,,5,
Ag3Al9.7Cu22.31Fe4.85Zr60.14,10.1016/j.jallcom.2009.08.030,658,743,1181,,10,
Ag3Cu3P5Pd79Si10,10.1016/j.jnoncrysol.2006.09.025,610,683,1005,,5,
Ag3.3Al14Co2Cu16.7La62Ni2,10.1016/j.jallcom.2008.07.087,412,472,713,,16,
Ag3.3Cu29.7Mg56Y11,10.1557/jmr.2006.0294,426,509,725,,14,
Ag3.33Al14Co2Cu16.67La62Ni2,10.1016/j.jallcom.2006.07.109,412,472,713,,16,
Ag30.77Ca30.77Cu15.38Mg23.08,10.1016/j.jallcom.2011.10.097,413,432,803,2.5,3,
Ag30.77Ca30.77Cu7.69Mg30.77,10.1016/j.jallcom.2011.10.097,407,427,809,2,3,
Ag38.4Ca23.2Mg38.4,10.1016/j.jallcom.2011.10.097,391,425,796,1.1,1.5,
Ag38.46Ca23.08Cu7.69Mg30.77,10.1016/j.jallcom.2011.10.097,387,420,833,3,4,
Ag38.5Ca30.8Cu7.7Mg23,10.1016/j.jallcom.2011.10.097,384,416,854,2,3,
Ag4Al14Cu20La62,10.1016/j.jallcom.2006.07.109,404,456,729,,8,
Ag4Al4Cu47Zr45,10.1557/jmr.2009.0344,688,770,1159,,10,
Ag4Al4Cu48Zr44,10.1557/jmr.2009.0344,692,779,1156,,10,
Ag4Al4Cu49Zr43,10.1557/jmr.2009.0344,,,1158,,10,
Ag4Al6Cu48Zr42,10.1557/jmr.2009.0344,711,800,1186,,12,
Ag4Cu2P5Pd79Si10,10.1016/j.jnoncrysol.2006.09.025,611,676,1006,,7,
Ag4Cu48Zr48,10.1016/j.msea.2007.02.001,681,743,1199,,3,
Ag4Gd10Mg71Ni15,10.1016/j.intermet.2010.11.029,440,485,774,,4,
Ag4.6Al7Cu41.4Zr47,10.1016/j.actamat.2007.12.030,,,,,20,
Ag46.15Ca22.98Cu7.69Mg23.18,10.1016/j.jallcom.2011.10.097,398,430,825,2,3,
Ag46.2Ca30.7Mg23.1,10.1016/j.jallcom.2011.10.097,399,426,765,0.7,1,
Ag46.29Ca30.56Cu7.72Mg15.43,10.1016/j.jallcom.2011.10.097,414,445,805,0.8,1,
Ag46.43Ca28.6Cu7.15Mg17.83,10.1016/j.jallcom.2011.10.097,426,466,797,1.2,1.5,
Ag5Al10Cu20La65,10.1016/j.mseb.2007.09.002,380,458,716,,5,
Ag5Al12.5Co2.5Cu17.5La62.5,10.1016/j.mseb.2007.09.002,393,473,712,,8,
Ag5Al12.5Co5Cu10La62.5Ni5,10.1038/ncomms10313,404,,691,,12,
Ag5Al12.5Co5Cu15La62.5,10.1016/j.mseb.2007.09.002,397,474,700,,9,
Ag5Al12.5Cu15Fe5La62.5,10.1016/j.mseb.2007.09.002,390,445,713,,6,
Ag5Al12.5Cu15La62.5Ni5,10.1038/ncomms10313,391,,717,,8,
Ag5Al12.5Cu17.5Fe2.5La62.5,10.1016/j.mseb.2007.09.002,391,464,711,,7,
Ag5Al12.5Cu20La62.5,10.2320/matertrans.48.68,389,472,721,,6,
Ag5Al14Cu19La62,10.1016/j.jallcom.2006.07.109,405,456,730,,5,
Ag5Al15Cu20La60,10.2320/matertrans.48.68,410,481,759,,5,
Ag5Al19Co19Cu4.75Zr52.25,10.1016/j.jallcom.2011.01.078,747,806,1220,,16,
Ag5Al20Cu20La55,10.2320/matertrans.48.68,429,503,823,,4,
Ag5Al25Cu15La55,10.1016/j.mseb.2007.09.002,452,503,860,,3,
Ag5Al27.5Ca57.5Mg10,10.1063/1.1637940,493.15,528.15,,,2,
Ag5Al28.5Ca56.5Mg10,10.1063/1.1637940,488.15,515.15,,,3,
Ag5Al29.5Ca55.5Mg10,10.1063/1.1637940,489.15,521.15,,,2,
Ag5Al32Ca63,10.1063/1.1637940,503.15,527.15,,,1.5,
Ag5Al5Cu45Zr45,10.1016/j.mseb.2007.09.064,697,783,1147,,9,
Ag5Al7Cu40Zr48,10.1016/j.jallcom.2006.06.088,699,769,1121,,10,
Ag5Al9.5Cu21.85Fe4.75Zr58.9,10.1016/j.jallcom.2009.08.030,663,747,1189,,5,
Ag5Au46Cu29Si20,10.1016/j.stam.2003.09.003,395,420,664,,1,
Ag5Cu15Gd10Mg65Pd5,10.1016/j.jallcom.2008.07.087,,,,,10,
Ag5Cu20Gd10Mg65,10.1557/jmr.2005.0314,427,465,695,,11,
Ag5Cu20Mg65Tb10,10.1016/j.intermet.2008.08.011,429,471,710,,10,
Ag5Cu45Zr50,10.1016/j.scriptamat.2007.10.001,669,728,1188,,4,
Ag5Cu55Ti10Zr30,10.1016/j.scriptamat.2006.01.023,,733,1149,,3,
Ag5Cu7.5Gd10Mg65Ni7.5Zn5,10.1016/j.msea.2006.03.142,440,477,726,,11,
Ag5Cu7.5Gd2.5Mg65Ni7.5Y7.5Zn5,10.1016/j.msea.2006.03.142,433,473,735,,9.5,
Ag5Cu7.5Gd5Mg65Ni7.5Y5Zn5,10.1016/j.msea.2006.03.142,434,472,718,,14,
Ag5Cu7.5Gd7.5Mg65Ni7.5Y2.5Zn5,10.1016/j.msea.2006.03.142,438,474,719,,13,
Ag5Cu7.5Mg65Ni7.5Y10Zn5,10.1016/j.msea.2006.03.142,430,459,728,,9,
Ag5Gd10Mg70Ni15,10.1016/j.intermet.2010.11.029,450,479,764,,5,
Ag5.5Au49Cu26.9Pd2.3Si16.3,10.1016/j.jallcom.2008.07.087,,,,,5,
Ag50Ca30.8Cu7.7Mg11.5,10.1016/j.jallcom.2011.10.097,452,487,809,1,1.5,
Ag53.8Ca23.1Mg23.1,10.1016/j.jallcom.2011.10.097,451,488,887,0.7,1,
Ag53.8Ca30.8Mg15.4,10.1016/j.jallcom.2011.10.097,444,498,812,0.8,1,
Ag6Al14Cu18La62,10.1016/j.jallcom.2006.07.109,406,457,736,,5,
Ag6Al6Cu44Zr44,10.1016/j.mseb.2007.09.064,698,790,1144,,10,
Ag6Be23Cu9Ni10Ti24Zr28,10.1016/j.jallcom.2018.11.299,633,682,1074,,14,
Ag6Be26Cu10Ti27Zr31,10.1016/j.jallcom.2018.11.299,620,675,1057,,14,
Ag6Cu54Ti7Zr33,10.1016/j.scriptamat.2005.11.077,709,738,1135,,6,
Ag6Gd10Mg69Ni15,10.1016/j.intermet.2010.11.029,439,475,757,,7,
Ag6.6Cu23Gd11Mg59.4,10.1038/ncomms10313,425,,700,,34,
Ag61.5Ca23.1Mg15.4,10.1016/j.jallcom.2011.10.097,486,526,920,0.7,1,
Ag7Al14Cu17La62,10.1016/j.jallcom.2006.07.109,406,458,739,,5,
Ag7Al18.6Co18.6Cu4.65Zr51.15,10.1016/j.jallcom.2011.01.078,753,806,1222,,14,
Ag7Al3Cu45Zr45,10.1016/j.mseb.2007.09.064,688,768,1151,,7,
Ag7Al7Cu43Zr43,10.1016/j.msea.2006.07.141,710,797,,,8,
Ag7Al9.3Cu21.39Fe4.65Zr57.66,10.1016/j.jallcom.2009.08.030,664,751,1191,,4,
Ag7Cu28Mg54Y11,10.1557/jmr.2006.0294,433,501,724,,16,
Ag7Cu43In7Zr43,10.1016/j.scriptamat.2007.10.001,704,748,1135,,5,
Ag7Cu43Ti10Zr40,10.1016/j.scriptamat.2007.10.001,656,707,1095,,7,
Ag7Cu43Ti7Zr43,10.1016/j.scriptamat.2007.10.001,670,714,1118,,5,
Ag7Cu43Zr50,10.1016/j.scriptamat.2007.10.001,669,727,1171,,4,
Ag7Cu57Zr36,10.1016/j.scriptamat.2007.10.001,712,755,1156,,4,
Ag7Gd10Mg68Ni15,10.1016/j.intermet.2010.11.029,437,473,747,,4,
Ag7.5Al17.5Cu20La55,10.2320/matertrans.48.68,425,498,852,,3,
Ag7.5Cu17.5Mg65Tb10,10.1016/j.intermet.2008.08.011,431,469,695,,8,
Ag7.6Al9Cu30.4Zr53,10.1016/j.actamat.2007.12.030,,,,,20,
Ag8Al14Cu16La62,10.1016/j.jallcom.2006.07.109,407,458,744,,5,
Ag8Al7Cu37Zr48,10.1016/j.jallcom.2006.06.088,698,765,1125,,10,
Ag8Al8Au2Cu36Zr46,10.1016/j.jallcom.2010.02.052,705,799,1153,,20,
Ag8Al8Au4Cu36Zr44,10.1016/j.jallcom.2010.02.052,713,806,1153,,20,
Ag8Al8Au6Cu36Zr42,10.1016/j.jallcom.2010.02.052,723,813,1159,,15,
Ag8Al8Cu34Pd2Zr48,10.2320/matertrans.MF200620,699,794,1140,,30,
Ag8Al8Cu34Zr50,10.1016/j.mseb.2007.09.064,,,1148,,15,
Ag8Al8Cu36Fe2Zr46,10.1016/j.jallcom.2010.02.052,705,806,1169,,10,
Ag8Al8Cu36Fe4Zr44,10.1016/j.jallcom.2010.02.052,706,799,1213,,9,
Ag8Al8Cu36Fe6Zr42,10.1016/j.jallcom.2010.02.052,708,797,1238,,4,
Ag8Al8Cu36Hf2Zr46,10.1016/j.jallcom.2010.02.052,692,794,1147,,20,
Ag8Al8Cu36Hf4Zr44,10.1016/j.jallcom.2010.02.052,694,795,1155,,20,
Ag8Al8Cu36Nb2Zr46,10.1016/j.jallcom.2010.02.052,707,765,1150,,10,
Ag8Al8Cu36Nb4Zr44,10.1016/j.jallcom.2010.02.052,709,759,1209,,9,
Ag8Al8Cu36Ni2Zr46,10.1016/j.jallcom.2010.02.052,687,797,1131,,25,
Ag8Al8Cu36Ni4Zr44,10.1016/j.jallcom.2010.02.052,693,788,1129,,30,
Ag8Al8Cu36Ni6Zr42,10.1016/j.jallcom.2010.02.052,695,779,1131,,25,
Ag8Al8Cu36Pd2Zr46,10.1016/j.jallcom.2010.02.052,699,794,1140,,30,
Ag8Al8Cu36Pd4Zr44,10.1016/j.jallcom.2010.02.052,705,795,1153,,25,
Ag8Al8Cu36Pd6Zr42,10.1016/j.jallcom.2010.02.052,709,796,1155,,20,
Ag8Al8Cu36Ti2Zr46,10.1016/j.jallcom.2010.02.052,696,750,1145,,10,
Ag8Al8Cu36Ti4Zr44,10.1016/j.jallcom.2010.02.052,700,738,1181,,9,
Ag8Al8Cu36Ti6Zr42,10.1016/j.jallcom.2010.02.052,704,731,1212,,4,
Ag8Al8Cu36Zr48,10.1002/adem.200800130,683,791,,,25,
Ag8Al8Cu38Zr46,10.1002/adem.200800130,692,795,1145,,20,
Ag8Al8Cu40Zr44,10.1016/j.mseb.2007.09.064,693,791,1176,,15,
Ag8Al8Cu42Zr42,10.1557/JMR.2008.0183,705,780,1213,,12,
Ag8Al9Cu32Zr51,10.1016/j.actamat.2007.12.030,,,,,20,
Ag8Cu46Zr46,10.1016/j.msea.2007.02.001,677,745,1167,,4,
Ag8.36Al8Be10Cu27.64Zr46,10.1016/j.jallcom.2011.02.107 ,697,813,1129,,35,
Ag8.4Al8Cu33.6Zr50,10.1016/j.actamat.2007.12.030,,,,,20,
Ag8.7Al8.7Cu41.3Zr41.3,10.1007/s10973-018-7050-0,690,784,1148,,20,
Ag8.7Cu20.3Er10Mg61,10.1016/j.msea.2008.10.008,,,,,10,
Ag8.8Al8Cu35.2Zr48,10.1016/j.actamat.2007.12.030,,,,,20,
Ag9.6Al7Cu38.4Zr45,10.1016/j.actamat.2007.12.030,,,,,20,
Ag9.83Cu19.67Er10Mg60.5,10.1016/j.msea.2008.10.008,426.5,475.3,766.7,,11,
Al1B15Co6Fe61Mo7Y2Zr8,10.1016/j.jallcom.2008.07.087,,,1495,,5,
Al1Cu54Hf25Ti20,10.1002/adem0.200700048,730,761,1168,,4,
Al10B2Ce68Cu20,10.1016/j.actamat.2006.02.044,346,393,731,,2,
Al10Bi2Ce70Cu18,10.1016/j.actamat.2006.02.044,348,408,708,,1,
Al10C2Ce68Cu20,10.1016/j.actamat.2006.02.044,352,406,723,,2,
Al10Ca50Cu20Mg20,10.1007/s11661-007-9255-x,411,441,731,,1,
Al10Ca55Mg20Zn15,10.1007/s11661-007-9255-x,403,469,773,,3.5,
Al10Ca60Cu10Mg20,10.1007/s11661-007-9255-x,408,442,817,,2,
Al10Ca60Mg20Zn10,10.1007/s11661-007-9255-x,403,449,,,6,
Al10Ca75Mg15,10.2320/matertrans.MJ200731,403,425,744,,0.5,
Al10Ce13Co25La52,10.1007/s10973-018-7050-0,439,476,869,,12,
Al10Ce19.5Co25La45.5,10.1007/s10973-018-7050-0,437,472,850,,25,
Al10Ce26Co25La39,10.1007/s10973-018-7050-0,437,467,835,,20,
Al10Ce27.5Co35La27.5,10.1016/j.actamat.2007.02.026,461,514,1021,,3,
Al10Ce27.5Cu35La27.5,10.1142/S0217979209060749,395,433,807,,2,
Al10Ce30Co30La30,10.1016/j.actamat.2007.02.026,448,478,902,,9,
Al10Ce30Cu30La30,10.1142/S0217979209060749,381,432,760,,5,
Al10Ce32.5Co25La32.5,10.1007/s10973-018-7050-0,427,453,776,,15,
Al10Ce32.5Co25La32.5,10.1016/j.actamat.2007.02.026,,,,,12,
Al10Ce32.5Cu25La32.5,10.1142/S0217979209060749,360,440,701,,8,
Al10Ce35Co20La35,10.1142/S0217979209060749,414,434,744,,4,
Al10Ce35Cu20La35,10.1016/j.actamat.2007.02.026,366,406,697,,5,
Al10Ce37.5Cu15La37.5,10.1142/S0217979209060749,432,463,862,,2,
Al10Ce39Co25La26,10.1007/s10973-018-7050-0,425,448,789,,12,
Al10Ce45.5Co25La19.5,10.1007/s10973-018-7050-0,416,436,778,,9,
Al10Ce52Co25La13,10.1016/j.actamat.2007.02.026,414,432,770,,6,
Al10Ce57.6Cu22.4Fe10,10.2320/matertrans.46.2541,377,465,649,,10,
Al10Ce57.6Cu22.4Zn10,10.2320/matertrans.47.2599,402,463,,,4,
Al10Ce58.5Co25La6.5,10.1016/j.actamat.2007.02.026,408,426,764,,4,
Al10Ce59.4Cu23.1Fe7.5,10.2320/matertrans.46.2541,369,452,650,,8,
Al10Ce59.4Cu23.1Zn7.5,10.2320/matertrans.47.2599,394,467,697,,6,
Al10Ce6.5Co25La58.5,10.1016/j.actamat.2007.02.026,,474,937,,6,
Al10Ce60Cu20Ni10,10.1016/j.actamat.2006.02.044,374,441,672,,1,
Al10Ce61.2Cu23.8Fe5,10.2320/matertrans.46.2541,361,437,652,,6,
Al10Ce61.2Cu23.8Zn5,10.2320/matertrans.47.2599,383,454,685,,6,
Al10Ce63Cu24.5Zn2.5,10.2320/matertrans.47.2599,368,437,680,,5,
Al10Ce64.8Cu25.2,10.2320/matertrans.46.1857,348,411,663,,5,
Al10Ce65Co25,10.1016/j.jallcom.2008.07.224,396,410,758,,2,
Al10Ce65Co5Cu20,10.1016/j.actamat.2006.02.044,363,414,695,,8,
Al10Ce67Cu20Nb3,10.1016/j.actamat.2006.02.044,355,404,723,,5,
Al10Ce68Co2Cu20,10.1016/j.actamat.2006.02.044,352,419,716,,10,
Al10Ce68Cu20Fe2,10.1016/j.actamat.2006.02.044,,,,,5,
Al10Ce68Cu20Nb2,10.1016/j.actamat.2006.02.044,345,421,721,,8,
Al10Ce68Cu20Ni2,10.1016/j.actamat.2006.02.044,352,421,710,,5,
Al10Ce68Cu20Si2,10.1016/j.actamat.2006.02.044,352,413,721,,3,
Al10Ce69Co1Cu20,10.1016/j.actamat.2006.02.044,340,421,713,,10,
Al10Ce69Cu20Nb1,10.1016/j.actamat.2006.02.044,352,412,728,,10,
Al10Ce69.5Co0.5Cu20,10.1016/j.actamat.2006.02.044,337,419,716,,10,
Al10Ce69.8Co0.2Cu20,10.1016/j.actamat.2006.02.044,339,414,721,,8,
Al10Ce70Cu17Zn3,10.1016/j.actamat.2006.02.044,341,412,733,,3,
Al10Ce70Cu18Zn2,10.1016/j.actamat.2006.02.044,345,399,730,,2,
Al10Ce70Cu19Zn1,10.1016/j.actamat.2006.02.044,343,391,743,,1,
Al10Ce70Cu20,10.1016/j.actamat.2006.02.044,,408,722,,2,
Al10Ce70Ni20,10.1016/j.actamat.2006.02.044,373,399,775,,1,
Al10Co30Gd60,10.1016/j.jallcom.2007.02.114,565,605,,,2,
Al10Cu15.4Nb5Ni12.6Zr57,10.1038/ncomms10313,674,,1115,,20,
Al10Cu17.9Ni14.6Ti5Zr52.5,10.1038/ncomms10313,661,,1091,,18,
Al10Cu20Fe10Zr60,10.1016/j.scriptamat.2009.03.056,670,756,1199,,10,
Al10Cu20Ni8Ti5Zr57,10.1016/j.jallcom.2008.07.087,,,1145,,10,
Al10Cu22.5Fe7.5Zr60,10.1016/j.scriptamat.2009.03.056,657,760,1185,,15,
Al10Cu23Fe5Zr62,10.1016/j.jallcom.2009.08.030,651,751,1186,,3,
Al10Cu25Fe5Zr60,10.1016/j.scriptamat.2009.03.056,655,767,1175,,20,
Al10Cu27.5Fe2.5Zr60,10.1016/j.scriptamat.2009.03.056,658,757,1193,,10,
Al10Cu30Ni5Zr55,10.1016/j.commatsci.2016.02.037,690,757,1158,,5.2,
Al10Cu30Zr60,10.1016/j.scriptamat.2009.03.056,663,755,1207,,8,
Al10Cu38Ti2Zr50,10.1016/j.jallcom.2008.07.087,687,746,1154,,5,
Al10Cu40Zr50,10.1038/ncomms10313,706,,1123,,22,
Al10Cu45Zr45,10.1016/j.jnoncrysol.2005.03.012,706,776,1159,,3,
Al10Fe25Mn5Pr60,10.1016/j.jallcom.2005.12.081,800.6,,867.6,,3,
Al10Fe30Pr60,10.1016/j.jallcom.2005.12.081,,747.9,878.6,,3,
Al10Fe30Y60,10.1016/j.jallcom.2008.07.087,672,723,1231,,4,
Al10Ni45Ti20Zr25,10.1016/j.matlet.2006.08.017,773,818,,,2,
Al10.1Cu11.7Ni14.2Zr64,10.1016/j.jallcom.2008.01.016,657.9,717.3,,,5,
Al10.3Cu15.6Nb2.8Ni12.8Zr58.5,10.1038/ncomms10313,666,,1101,,32,
Al10.5Cu24La62Mg3.5,10.1016/j.jallcom.2010.03.102,386,431,712,,10,
Al10.7Cu10.7Ni15.1Zr63.5,10.1063/1.2899633,653.3,724.5,1157.3,,6,
Al10.7Cu13.65Ni14.15Zr61.5,10.1016/j.commatsci.2016.02.037,670,738,1155,,5.5,
Al10.8Cu24La62Mg3.2,10.1016/j.jallcom.2010.03.102,387,421,710,,10,
Al11Ca60Cu20Mg9,10.1007/s11661-007-9255-x,401,450,755,,2,
Al11Cu43Y4.6Zr41.4,10.1179/174328408X287691,673,735,1202,,12,
Al11.4Cu9.3Ni16.3Zr63,10.1063/1.2899633,663.3,732.2,1164.3,,6.5,
Al12Cu27.75Hf51Ni9.25,10.1016/j.intermet.2007.12.016,777,872,1344,,8,
Al12.1Cu7.95Ni17.45Zr62.5,10.1016/j.jallcom.2008.01.016,668.9,738.2,,,7.5,
Al12.3Cu28Ni9Zr50.7,10.1016/j.commatsci.2016.02.037,,780,1158,,7,
Al12.4Cu8.8La70Ni8.8,10.1016/j.intermet.2007.12.002,397,418,759,,0.5,
Al13Cu29.25Hf48Ni9.75,10.1016/j.intermet.2007.12.016,785,874,1280,,10,
Al13.2Cu9.4La68Ni9.4,10.1016/j.intermet.2007.12.002,400,426,743,,1,
Al14Cu10La66Ni10,10.1016/j.intermet.2007.12.002,404,435,703,,1.5,
Al14Cu12La62Ni12,10.1016/j.jallcom.2006.07.007,423,452,744,,12,
Al14Cu19Ni10Y4Zr53,10.1016/S0022-3093(02)01876-8,668,766,1069,,5,
Al14Cu20La66,10.1016/j.msea.2006.06.053,,,,,2,
Al14Cu24La62,10.1016/j.jallcom.2006.07.109,401,449,734,,5,
Al14Cu29.25Hf47Ni9.75,10.1016/j.intermet.2007.12.016,790,875,1278,,10,
Al14.3Cu23.3Ni10.5Zr51.9,10.1016/j.actamat.2008.11.007,710,804,1129,,10,
Al14.6Cu10.4La64.6Ni10.4,10.1016/j.intermet.2007.12.002,406,442,706,,5,
Al15Ca55Mg20Zn10,10.1007/s11661-007-9255-x,421,477,806,,2,
Al15Ca60Mg18Zn7,10.1007/s11661-007-9255-x,431,485,748,,2.5,
Al15Ca70Mg15,10.2320/matertrans.MJ200731,,460,771,,1.5,
Al15Ce25Co35La25,10.1016/j.actamat.2007.02.026,492,562,1005,,2,
Al15Ce25Cu35La25,10.1142/S0217979209060749,430,461,862,,2,
Al15Ce27.5Co30La27.5,10.1016/j.actamat.2007.02.026,475,556,902,,6,
Al15Ce27.5Cu30La27.5,10.1142/S0217979209060749,413,455,823,,4,
Al15Ce30Co25La30,10.1016/j.actamat.2007.02.026,459,545,904,,10,
Al15Ce30Cu25La30,10.1142/S0217979209060749,,462,774,,5,
Al15Ce32.5Co20La32.5,10.1016/j.actamat.2007.02.026,440,502,812,,12,
Al15Ce32.5Cu20La32.5,10.1142/S0217979209060749,394,466,,,4,
Al15Ce35Co15La35,10.1016/j.actamat.2007.02.026,421,445,764,,12,
Al15Ce35Cu15La35,10.1016/j.actamat.2007.02.026,389,447,762,,2,
Al15Ce65Cu20,10.1016/j.actamat.2006.02.044,363,425,773,,2,
Al15Ce70Cu15,10.1016/j.actamat.2006.02.044,364,406,686,,2,
Al15Ce70Ni15,10.1016/j.actamat.2006.02.044,368,387,738,,1,
Al15Co25Gd60,10.1016/j.jallcom.2007.02.114,572,617,952,,5,
Al15Cu19Ni10Y2Zr54,10.1016/S0022-3093(02)01876-8,714,787,1112,,5,
Al15Gd60Ni25,10.1016/j.jallcom.2007.02.114,573,598,,,1,
Al15.2Cu10.85La63.1Ni10.85,10.1016/j.intermet.2007.12.002,408,448,709,,10,
Al15.6Cu11.2La62Ni11.2,10.1016/j.intermet.2007.12.002,410,453,712,,11,
Al15.9Cu11.35La61.4Ni11.35,10.1016/j.intermet.2007.12.002,413,459,729,,10.5,
Al16Ce32Co10Cu5La32Ni5,10.1016/j.jallcom.2006.07.007,424,472,767,,10,
Al16Ce32Co3Cu12La32Ni5,10.1016/j.jallcom.2006.07.007,406,455,709,,10,
Al16Ce32Co5Cu10La32Ni5,10.1016/j.jallcom.2006.07.007,413,467,718,,12,
Al16Ce32Co8Cu7La32Ni5,10.1016/j.jallcom.2006.07.007,416,471,739,,10,
Al16Ce32Cu15La32Ni5,10.1016/j.jallcom.2006.07.007,403,451,712,,10,
Al16Co21Cu7Zr56,10.1016/j.commatsci.2016.02.037,748,794,1245,,1,
Al16Co22Cu6Zr56,10.1016/j.commatsci.2016.02.037,753,802,1245,,2,
Al16Co23Cu5Zr56,10.1016/j.commatsci.2016.02.037,750,808,1244,,1.5,
Al16Co26Zr58,10.1016/j.commatsci.2016.02.037,729,780,1282,,2,
Al16Co27Zr57,10.1016/j.commatsci.2016.02.037,735,787,1260,,5,
Al16Co28Zr56,10.1016/j.commatsci.2016.02.037,743,792,1258,,7,
Al16Co29Zr55,10.1016/j.commatsci.2016.02.037,750,799,1258,,7,
Al16Co30Zr54,10.1016/j.commatsci.2016.02.037,757,806,1258,,6,
Al16Co31Zr53,10.1016/j.commatsci.2016.02.037,763,812,1257,,5,
Al16Co32Zr52,10.1016/j.commatsci.2016.02.037,770,824,1256,,3,
Al16Co33Zr51,10.1016/j.commatsci.2016.02.037,775,828,1258,,2,
Al16.3Cu11.6La60.5Ni11.6,10.1016/j.intermet.2007.12.002,414,465,734,,8,
Al16.3Cu18.7Ni12Zr53,10.1016/j.actamat.2008.11.007,709,815,1141,,6,
Al16.3Cu20.7Ni12Zr51,10.1016/j.jnoncrysol.2006.02.098,722,800,1132,,3,
Al16.6Cu11.9La59.6Ni11.9,10.1016/j.intermet.2007.12.002,416,475,750,,8,
Al17Cu12.2La58.6Ni12.2,10.1016/j.intermet.2007.12.002,421,489,774,,5,
Al17.5Cu12.45La57.6Ni12.45,10.1016/j.intermet.2007.12.002,425,499,790,,8,
Al17.5Cu20La62.5,10.2320/matertrans.48.68,401,471,772,,3,
Al17.9Cu12.8La56.5Ni12.8,10.1016/j.intermet.2007.12.002,433,492,823,,2,
Al18.4Cu13.1La55.4Ni13.1,10.1016/j.intermet.2007.12.002,426,491,881,,2,
Al19Ca55Mg20Zn6,10.1007/s11661-007-9255-x,448,484,745,,1.5,
Al2Cu53Hf25Ti20,10.1002/adem0.200700049,730,764,1178,,4,
Al2.1B6.7C6.9Cr2.2Fe68.3Mo2.5P8.8Si2.5,10.1016/j.msea.2006.02.262,795,835,1316,,4,
Al20Ca55Mg18Zn7,10.1007/s11661-007-9255-x,447,491,822,,1,
Al20Ca65Mg15,10.2320/matertrans.MJ200731,,,776,,1,
Al20Ce27.5Co25La27.5,10.1016/j.actamat.2007.02.026,498,561,961,,5,
Al20Ce27.5Cu25La27.5,10.1142/S0217979209060749,425,483,818,,2,
Al20Ce30Co20La30,10.1016/j.actamat.2007.02.026,475,554,916,,8,
Al20Ce30Cu20La30,10.1142/S0217979209060749,413,477,807,,5,
Al20Ce32.5Co15La32.5,10.1016/j.actamat.2007.02.026,444,516,831,,6,
Al20Ce32.5Cu15La32.5,10.1142/S0217979209060749,419,464,811,,2,
Al20Ce35Co10La35,10.1142/S0217979209060749,429,483,798,,3,
Al20Ce60Co20,10.1016/j.actamat.2006.02.044,424,468,798,,1,
Al20Ce60Cu20,10.1016/j.actamat.2006.02.044,396,444,830,,3,
Al20Co20Gd60,10.1016/j.jallcom.2007.02.114,580,625,,,2.5,
Al20Co25Zr55,10.1038/ncomms10313,,,,,10,
Al20Co25Zr55,10.2320/matertrans.43.2843,761,840,1245,,2.5,
Al20Cu20La60,10.2320/matertrans.48.68,415,486,811,,3,
Al20Gd55Mn3Ni22,10.1016/j.commatsci.2016.02.037,553,603,955,,2,
Al20Gd60Ni20,10.1016/j.jallcom.2007.02.114,587,621,,,2,
Al24Co10Ni10Sc20Y36,10.1016/j.msea.2006.06.053,645,731,1010,,25,
Al24Co20Sc20Y36,10.1016/j.msea.2006.06.053,645,760,1034,,25,
Al24Co20Sc20Y36,10.1063/1.1614420,636,690,,,2,
Al24Co20Y56,10.1016/j.msea.2006.06.053,636,690,1078,,1.5,
Al25Ce27.5Co20La27.5,10.1016/j.actamat.2007.02.026,496,561,942,,4,
Al25Ce27.5Cu20La27.5,10.1142/S0217979209060749,449,500,1042,,2,
Al25Ce30Co15La30,10.1016/j.actamat.2007.02.026,477,522,892,,5,
Al25Ce30Cu15La30,10.1142/S0217979209060749,445,483,1002,,2,
Al25Ce32.5Co10La32.5,10.1142/S0217979209060749,462,502,880,,3,
Al25Ce35Co5La35,10.1016/j.actamat.2007.02.026,461,484,874,,2,
Al25Ce55Cu20,10.1016/j.actamat.2006.02.044,439,479,825,,1,
Al25Co15Gd60,10.1016/j.jallcom.2007.02.114,586,638,,,3,
Al25Co5Cu10La55Ni5,10.1016/j.jallcom.2008.07.087,,,,,9,
Al25Cu10La55Ni10,10.2320/matertrans1989.34.351,,,,,5,
Al25Cu20La55,10.2320/matertrans.48.68,443,498,889,,2,
Al25Cu20La55,10.2320/matertrans1989.34.351,,,,,3,
Al25Gd60Ni15,10.1016/j.jallcom.2007.02.114,603,648,1006,,4,
Al25La55Ni20,10.1016/j.msea.2006.06.053,491,555,941,,3,
Al27Co20Gd53,10.1063/1.3246616,601,682,,,3,
Al28.5Ca56.5Cu5Mg10,10.1063/1.1637940,493.15,520.15,,,3,
Al28.5Ca56.5Mg15,10.1063/1.1637940,503.15,528.15,,,1.5,
Al28.5Co18Gd53.5,10.1063/1.3246616,605,680,,,3,
Al29.27Co2.44Y68.29,10.1063/1.1614420,645,760,,,1.5,
Al3Cu12.5Ni12.5Pr72,10.1016/j.jallcom.2007.05.037,,,,,1.5,
Al3.12Co3.12Cu7.81Zr85.95,10.1016/j.commatsci.2016.02.037,737,815,1285,,5,
Al30Ca55Mg15,10.2320/matertrans.MJ200731,,,,,0.5,
Al30Ca60Cu10,10.1063/1.1637940,498.15,517.15,,,1.5,
Al30Ca60Mg10,10.1063/1.1637940,508.15,523.15,,,2,
Al30Ca60Zn10,10.1063/1.1637940,498.15,530.15,,,1.5,
Al30Ce27.5Cu15La27.5,10.1142/S0217979209060749,473,505,1162,,2,
Al30Gd60Ni10,10.1016/j.jallcom.2007.02.114,596,638,,,2.5,
Al32Ca58Mg10,10.1063/1.1637940,513.15,539.15,,,1.5,
Al32Ca63Cu5,10.1016/j.intermet.2006.10.017,512,523,831,,2,
Al33.6Ca66.4,10.1016/j.intermet.2006.10.017,528,540,873,,1,
Al35Ce20La30Ni15,10.1016/j.scriptamat.2008.08.003,542,577,1082,,1,
Al35Co15Er17Gd33,10.1016/j.scriptamat.2008.08.003,586,620,1221,,1,
Al35Co5Gd17La33Ni10,10.1016/j.scriptamat.2008.08.003,560,609,1070,,2,
Al35La50Ni15,10.1016/j.scriptamat.2008.08.003,532,596,971,,5,
Al4Co0.3Cu47.7Zr48,10.1016/j.jallcom.2007.05.037,417,471,922,,3,
Al4Cr0.5Cu47.5Zr48,10.1016/j.jallcom.2007.05.037,416,471,922,,3,
Al4Cu45Ga3Zr48,10.1016/j.jallcom.2007.05.037,430,490,901,,5,
Al4Cu46.5Nb1.5Zr48,10.1016/j.jallcom.2007.05.037,414,471,908,,5,
Al4Cu47.5Fe0.5Zr48,10.1016/j.jallcom.2007.05.037,419,470,921,,3,
Al4Cu47.5Ni0.5Zr48,10.1016/j.jallcom.2007.05.037,415,470,920,,3,
Al4Cu47.5V0.5Zr48,10.1016/j.jallcom.2007.05.037,422,474,919,,2,
Al4Cu48Zr48,10.1016/j.jnoncrysol.2005.03.012,689,751,1188,,5,
Al4Cu51Hf25Ti20,10.1002/adem0.200700050,730,762,1203,,3,
Al4Nb7Ni61Ta6Zr22,10.1016/j.msea.2006.06.017,867,927,1379,,2,
Al4Nb7Ni61Zr28,10.1016/j.jallcom.2004.08.014,848,898,1348,,1,
Al40La35Ni15Y10,10.1016/j.scriptamat.2008.08.003,586,627,1092,,1,
Al5Ca50Cu22.5Mg22.5,10.1007/s11661-007-9255-x,416,456,762,,3.5,
Al5Ce32.5Co30La32.5,10.1016/j.actamat.2007.02.026,402,439,858,,5,
Al5Ce32.5Cu30La32.5,10.1142/S0217979209060749,355,407,742,,2,
Al5Ce68.4Cu26.6,10.2320/matertrans.46.1857,330,373,660,,2,
Al5Nb10Ni60Ti5Zr20,10.1016/j.jallcom.2008.07.087,826,896,1379,,2,
Al5Nb12.5Ni60Ti2.5Zr20,10.1016/j.jallcom.2008.07.087,836,897,1378,,2,
Al5Nb12.5Ni60Zr22.5,10.1016/j.jallcom.2008.01.075,836,,1372,,2,
Al5Nb15Ni60Zr20,10.1016/j.scriptamat.2007.07.032,842,896,1370,,3,
Al5Nb17.5Ni60Zr17.5,10.1016/j.jallcom.2008.01.075,853,,1384,,2,
Al5Nb20Ni60Zr15,10.1016/j.jallcom.2008.01.075,861,,1396,,2,
Al5Nb7.5Ni60Ti7.5Zr20,10.1016/j.jallcom.2008.07.087,824,885,1385,,2,
Al5.6Cu22.4Ni6.5Zr65.5,10.1016/j.jallcom.2008.07.087,,,,,3,
Al6Be23Cu9Ni10Ti24Zr28,10.1016/j.jallcom.2018.11.299,642,685,1087,,9,
Al6Be26Cu10Ti27Zr31,10.1016/j.jallcom.2018.11.299,607,678,1060,,13,
Al6Cu47Zr47,10.1016/j.jnoncrysol.2005.03.012,701,770,1165,,5,
Al6.86Cu49Si2Zr42.14,10.1016/j.commatsci.2016.02.037,740,800,1256,,3,
Al6.93Cu49.5Si1Zr42.57,10.1016/j.commatsci.2016.02.037,720,797,1226,,12,
Al7B0.5Cu15Hf3Ni18.5Si3Ti53,10.1016/j.jnoncrysol.2005.09.033,695,749,1230,,2,
Al7B0.5Cu15Ni18.5Sc3Si3Ti53,10.1016/j.jnoncrysol.2005.09.033,709,767,1240,,2,
Al7Be3Cu47Zr43,10.1016/j.jallcom.2008.07.087,,,,,6,
Al7Be7Cu43Zr43,10.1016/j.msea.2006.07.141,710,813,1126,,12,
Al7Cu25Pr68,10.1016/j.jallcom.2008.07.087,,,,,1.5,
Al7Cu45Gd2Zr46,10.1016/j.intermet.2006.12.010,671,750,1177,,10,
Al7Cu45Gd3Zr45,10.1016/j.intermet.2006.12.010,665,738,1170,,5,
Al7Cu45Gd5Zr43,10.1016/j.intermet.2006.12.010,663,732,1163,,4,
Al7Cu45Nd2Zr46,10.1016/j.intermet.2006.12.010,662,732,1185,,5,
Al7Cu45Zr48,10.1016/j.intermet.2006.12.010,708,766,1186,,5,
Al7Cu46Y10Zr37,10.1016/j.msea.2006.06.053,665,743,1118,,4,
Al7Cu46Y2Zr45,10.1016/j.msea.2006.06.053,693,770,1143,,8,
Al7Cu46Y5Zr42,10.1016/j.msea.2006.06.053,672,772,1113,,10,
Al7Cu46Zr47,10.1016/j.intermet.2006.10.017,705,781,1163,,3,
Al7Cu50Zr43,10.1016/j.commatsci.2016.02.037,713,781,1205,,10,
Al7Cu50Zr43,10.1016/j.msea.2006.07.141,,,,,4,
Al7.5Cu17.5Ni10Zr65,10.1016/j.jallcom.2008.07.087,,,1167,,16,
Al7.5Cu52.5Hf40,10.1016/j.intermet.2006.10.017,779,833,1250,,3,
Al8Cu11Ni11Zr70,10.1016/j.commatsci.2016.02.037,633,706,1175,,8,
Al8Cu13.5Ni8.5Zr70,10.1016/j.commatsci.2016.02.037,625,707,1171,,10,
Al8Cu16Ni6Zr70,10.1016/j.commatsci.2016.02.037,641,707,1179,,6,
Al8Cu19Ni3Zr70,10.1016/j.commatsci.2016.02.037,630,689,1200,,1.5,
Al8Cu3Ni19Zr70,10.1016/j.commatsci.2016.02.037,640,710,1220,,1.5,
Al8Cu46Zr46,10.1016/j.actamat.2007.12.030,,,,,5,
Al8Cu5Ni42Si2.5Ti20Zr22.5,10.1016/j.jallcom.2005.10.018,767,833,1367,,2,
Al8Cu5Ni42Si3.5Ti19Zr22.5,10.1016/j.jallcom.2005.10.018,780,846,1363,,3,
Al8Cu5Ni42Si3.5Ti20Zr21.5,10.1016/j.jallcom.2005.10.018,774,846,1366,,2.5,
Al8Cu5Ni42Si4.5Ti20Zr20.5,10.1016/j.jallcom.2005.10.018,763,856,1364,,2,
Al8Cu5Ni42Ti20Zr25,10.1016/j.jallcom.2005.10.018,748,803,1366,,0.5,
Al8Cu6Ni16Zr70,10.1016/j.commatsci.2016.02.037,631,705,1205,,8,
Al8.7Cu14.4Ni11.9Zr65,10.1063/1.2899633,647,709.5,1164.8,,4,
Al8.7Cu39.09Gd0.02Zr52.19,10.1007/s10853-009-3523-7,655,745,1206,,5,
Al8.7Cu39.1Zr52.2,10.1007/s10853-009-3523-7,676,773,1197,,3,
Al8.86Pr91.14,10.1016/j.jallcom.2007.05.037,395,410,760,,1.5,
Al9Cu45Y3.45Zr42.55,10.1179/174328408X287691,706,746,1130,,14,
Al9Cu49Hf42,10.1016/j.scriptamat.2006.02.042,778,863,1249,,10,
Al9.5Cu36.1Ti1.9Y5Zr47.5, 10.1109/ICIST.2011.5765113,664,721,1145,,6,
Al9.7Cu36.86Ti1.94Y3Zr48.5, 10.1109/ICIST.2011.5765113,665,736,1146,,16,
Al9.8Cu24La62Mg4.2,10.1016/j.commatsci.2016.02.037,386,440,719,,10,
Al9.8Cu37.24Ti1.96Y2Zr49, 10.1109/ICIST.2011.5765113,671,739,1148,,20,
Al9.9Cu37.62Ti1.98Y1Zr49.5, 10.1109/ICIST.2011.5765113,681,741,1145,,18,
Au4Pd79.5Si16.5,10.1038/ncomms10313,620,,1040,,2,
Au52Cu29.2Pd2.3Si16.5,10.1016/j.stam.2003.09.003,393,427,651,,2,
Au55Cu25Si20,10.1016/j.jallcom.2008.07.087,,,,,0.5,
Au77Ge13.6Si9.4,10.1038/ncomms10313,293,,625,,0.06,
B0.5La15.9Mg60Ni23.6,10.1016/j.jallcom.2009.05.002,454,493,824,,2,
B1Cu20Ni24Si2Sn3Ti50,10.1016/j.jallcom.2008.07.087,,,,,1,
B1.5Cr8.5Nb3Ni69P18,10.1038/ncomms10313,664,,1134,,3,
B10Fe76P5Si9,10.1016/j.mseb.2007.09.010,780,832,1258,,2.5,
B11Fe79Si10,10.1038/ncomms10313,818,,1419,,0.5,
B13.79Fe76.55Si6.9Zr2.76,10.1016/j.matdes.2016.05.102,830,852,1505,,1,
B14.29Fe75.71Si7.14Zr2.86,10.1016/j.matdes.2016.05.102,839,862,1496,,1.5,
B14.4Fe72Nb4Si9.6,10.1016/j.msea.2003.10.058,835,885,1369,,1.5,
B14.7Fe73.5Nb2Si9.8,10.1016/j.msea.2003.10.058,812,870,1425,,1,
B14.81Fe74.82Si7.41Zr2.96,10.1016/j.matdes.2016.05.102,840,865,1492,,2,
B14.85Fe74.25Nb1Si9.9,10.1016/j.msea.2003.10.058,815,858,1455,,0.5,
B14.85Fe74.25Si9.9Zr1,10.1016/j.msea.2003.10.058,867,919,1469,,0.75,
B15Co5Cr2Fe61Mo7Y2Zr8,10.1016/j.jallcom.2008.07.087,901.1,958.9,,,5,
B15Co7Fe61Mo7Y2Zr8,10.1016/j.jallcom.2008.07.087,,,1490,,5,
B15.38Fe73.85Si7.69Zr3.08,10.1016/j.matdes.2016.05.102,848,873,1483,,2,
B16Fe72.8Si8Zr3.2,10.1016/j.matdes.2016.05.102,850,883,1472,,2,
B16.67Fe70Hf5Si8.33,10.1016/j.matdes.2016.05.102,861,901,1543,,1,
B16.67Fe70.83Hf4.17Si8.33,10.1016/j.matdes.2016.05.102,858,893,1485,,1.5,
B16.67Fe71.67Hf3.33Si8.33,10.1016/j.matdes.2016.05.102,854,887,1467,,2,
B16.67Fe71.67Si8.33Zr3.33,10.1016/j.matdes.2016.05.102,847,883,1461,,2.5,
B16.67Fe72.5Hf2.5Si8.33,10.1016/j.matdes.2016.05.102,852,885,1458,,2.5,
B16.67Fe73.33Hf1.67Si8.33,10.1016/j.matdes.2016.05.102,840,872,1486,,1,
B17Fe65Mn13Y5,10.2320/matertrans.45.2770,834.4,884,,,1,
B17Fe74Nb6Y3,10.1016/j.jallcom.2004.08.014,831,879,1391,,2,
B17Ni75Si8,10.1038/ncomms10313,818,,1419,,0.8,
B18.43Co27.65Cr4Fe41.47Nb3.84Si4.61,10.1016/j.jallcom.2008.07.087,833,874,1481,,3,
B18.6Co27.9Cr3Fe41.9Nb3.9Si4.7,10.1016/j.jallcom.2008.07.087,831,874,1474,,3.5,
B18.62Co27.94Cr3Fe41.9Nb3.88Si4.66,10.1016/j.jallcom.2008.07.087,831,874,1474,,3.5,
B18.8Co28.2Fe42.3Gd2Nb4Si4.7,10.1016/j.jallcom.2017.02.098,833,894,1452,,1.5,
B18.8Co28.2Fe42.3Nb4Si4.7Y2,10.1016/j.jallcom.2017.02.098,833,891,1432,,1.5,
B18.82Co28.22Cr2Fe42.34Nb3.92Si4.7,10.1016/j.jallcom.2008.07.087,830,873,1469,,4,
B19Co28.5Fe42.75Mo1Nb4Si4.75,10.1016/j.jallcom.2017.02.098,818,859,1414,,2,
B19Co28.5Fe42.75Nb4Si4.75Y1,10.1016/j.jallcom.2017.02.098,826,882,1410,,1.5,
B19Co28.5Fe42.75Nb4Si4.75Zr1,10.1016/j.jallcom.2017.02.098,825,866,1396,,2,
B19.01Co28.51Cr1Fe42.77Nb3.96Si4.75,10.1016/j.jallcom.2008.07.087,827,871,1462,,4,
B19.02Fe69.42Nb3.96Si4.75Tb2.85,10.1016/j.jallcom.2012.09.087,844,914,1440,,2.5,
B19.2Co14.4Fe57.6Nb4Si4.8,10.1016/j.msea.2006.06.053,830,880,1431,,2.5,
B19.2Co21.6Fe50.4Nb4Si4.8,10.1016/j.msea.2006.06.053,828,878,1413,,3.5,
B19.2Co28.8Fe43.2Nb4Si4.8,10.1016/j.msea.2006.06.053,825,875,1407,,4,
B19.2Co36Fe36Nb4Si4.8,10.1016/j.msea.2006.06.053,820,870,1397,,5,
B19.2Co43.2Fe28.8Nb4Si4.8,10.1016/j.intermet.2006.01.038,823,865,1418,,4,
B19.2Co50.4Fe21.6Nb4Si4.8,10.1016/j.intermet.2006.01.038,820,860,1430,,3.5,
B19.2Co57.6Fe14.4Nb4Si4.8,10.1016/j.intermet.2006.01.038,813,853,1445,,2.5,
B19.2Co64.8Fe7.2Nb4Si4.8,10.1016/j.intermet.2006.01.038,803,843,1457,,2,
B19.2Co7.2Fe64.8Nb4Si4.8,10.1016/j.msea.2006.06.053,832,877,1460,,2,
B19.2Fe14.4Nb4Ni57.6Si4.8,10.1063/1.2204440,755,795,1381,,2,
B19.2Fe21.6Nb4Ni50.4Si4.8,10.1063/1.2204440,750,795,1356,,2.5,
B19.2Fe28.8Nb4Ni43.2Si4.8,10.1063/1.2204440,745,795,1348,,3,
B19.2Fe66.24Nb4Si4.8Tb5.76,10.1016/j.jallcom.2012.09.087,952,1012,1411,,3,
B19.2Fe67.2Nb4Si4.8Tb4.8,10.1016/j.jallcom.2012.09.087,935,995,1396,,3.5,
B19.2Fe68.16Nb4Si4.8Tb3.84,10.1016/j.jallcom.2012.09.087,869,969,1397,,3.5,
B19.2Fe69.12Nb3.84Si3.84Y4,10.1016/j.msea.2006.07.073,905,933,1424,,3,
B19.2Fe7.2Nb4Ni64.8Si4.8,10.1016/j.jallcom.2012.09.087,762,795,1408,,1,
B19.2Fe71.04Nb4Si4.8Tb0.96,10.1016/j.jallcom.2012.09.087,836,882,1459,,1,
B19.2Fe72Nb4Si4.8,10.1016/j.msea.2006.06.053,835,880,1475,,1.5,
B19.2Nb4Ni72Si4.8,10.1063/1.2204440,770,795,1446,,0.5,
B19.4Fe69.84Nb3.88Si3.88Y3,10.1016/j.msea.2006.07.073,859,915,1416,,4,
B19.6Fe70.56Nb3.92Si3.92Y2,10.1016/j.msea.2006.07.073,855,903,1416,,2,
B19.8Fe71.28Nb3.96Si3.96Y1,10.1016/j.msea.2006.07.073,855,881,1419,,2,
B2C10Fe71Mo2Nb3P12,10.1016/S1003-6326(11)61032-7,719,757,1305,,1,
B2C10Fe71Mo3Nb2P12,10.1016/S1003-6326(11)61032-7,724,766,1305,,1,
B2C10Fe71Mo4Nb1P12,10.1016/S1003-6326(11)61032-7,729,777,1296,,2,
B2C9Cr2Fe78P9,10.1063/1.2189910,703,736,1275,,1.8,
B2C9Cr5Fe75P9,10.1063/1.2189910,707,743,1286,,1.5,
B2C9Cr8Fe72P9,10.1063/1.2189910,710,750,1296,,1,
B2C9Fe80P9,10.1063/1.2189910,700,733,1270,,1.8,
B2Nb35Ni60Sn3,10.1063/1.1544434,,,,1,1,
B2.32Fe83.56Nb4.84Si5.8Tb3.48,10.1016/j.commatsci.2016.02.037,860,940,1422,,3,
B2.32Fe87.04Nb4.84Si5.8,10.1016/j.jallcom.2008.07.087,835,880,1475,,1.5,
B2.5C5Cr2Fe68Mo5Ni5P12.5,10.1038/ncomms10313,688,,1213,,6,
B2.5C5Fe74.5Mo5.5P12.5,10.1038/ncomms10313,695,,1219,,3,
B2.89La13.51Mg60Ni23.6,10.1016/j.commatsci.2016.02.037,453,498,811,,1,
B20Fe70Hf3Nb4Y3,10.1016/j.commatsci.2016.02.037,850,924,1437,,3.5,
B20Fe71Hf3Nb4Y2,10.1016/j.commatsci.2016.02.037,850,928,1432,,4,
B20Fe72Hf3Nb4Y1,10.1016/j.commatsci.2016.02.037,841,916,1446,,3,
B20Fe72Nb4Si4,10.1016/j.msea.2006.07.073,842,880,1420,,2,
B20Fe73Hf3Nb4,10.1016/j.matdes.2016.05.102,836,899,1448,,2,
B21.56Fe70.56Nb2Y5.88,10.1016/j.commatsci.2016.02.037,918,980,1412,,4,
B21.56Fe70.56Ta2Y5.88,10.1016/j.commatsci.2016.02.037,917,979,1415,,4,
B21.56Fe70.56Ti2Y5.88,10.1016/j.commatsci.2016.02.037,915,974,1416,,3,
B22Co10Fe62Y6,10.1016/j.jallcom.2007.09.063,885,932,1503,,2.5,
B22Co12Fe60Y6,10.1016/j.jallcom.2007.09.063,881,924,1498,,2.5,
B22Co14Fe58Y6,10.1016/j.jallcom.2007.09.063,880,925,1485,,2.5,
B22Co16Fe56Y6,10.1016/j.jallcom.2007.09.063,882,927,1494,,2.5,
B22Co2Fe70Y6,10.1016/j.jallcom.2007.09.063,898,944,1420,,2,
B22Co4Fe68Y6,10.1016/j.jallcom.2007.09.063,896,941,1414,,2,
B22Co6Fe66Y6,10.1016/j.jallcom.2007.09.063,887,925,1509,,2,
B22Co8Fe64Y6,10.1016/j.jallcom.2007.09.063,884,927,1505,,2.5,
B22Cr10Fe63Nb5,10.1016/j.msea.2008.03.019,,,,,1.2,
B22Cr11Fe61Nb6,10.1016/j.msea.2008.03.019,842,892,,,2.6,
B22Cr4Fe66Nb8,10.1016/j.msea.2008.03.019,835,884,,,1.4,
B22Cr4Fe67Nb7,10.1016/j.msea.2008.03.019,857,898,,,3.2,
B22Cr5Fe65Nb8,10.1016/j.msea.2008.03.019,832,868,,,1.9,
B22Cr6Fe66Nb6,10.1016/j.msea.2008.03.019,849,895,,,2.8,
B22Cr8Fe62Nb8,10.1016/j.msea.2008.03.019,835,902,,,1.8,
B22Cr8Fe64Nb6,10.1016/j.msea.2008.03.019,851,903,,,3,
B22Cr9Fe63Nb6,10.1016/j.msea.2008.03.019,857,904,,,3,
B22Fe66W6Y6,10.1016/j.commatsci.2016.02.037,897,981,1497,,2,
B22Fe67Mo5Y6,10.1007/s10973-018-7050-0,920,941,1483,,3.5,
B22Fe67Ni5Y6,10.1016/j.jallcom.2007.09.063,866,891,1469,,1,
B22Fe67W5Y6,10.1016/j.commatsci.2016.02.037,882,970,1497,,3,
B22Fe68Mo4Y6,10.1007/s10973-018-7050-0,915,944,1488,,6.5,
B22Fe68Ni4Y6,10.1016/j.jallcom.2007.09.063,872,907,1470,,1.5,
B22Fe68W4Y6,10.1016/j.commatsci.2016.02.037,874,971,1504,,4,
B22Fe69Mo3Y6,10.1016/j.jallcom.2007.09.063,908,958,1488,,6,
B22Fe69Ni3Y6,10.1016/j.jallcom.2007.09.063,874,910,1503,,1.5,
B22Fe69W3Y6,10.1016/j.commatsci.2016.02.037,868,973,1505,,4,
B22Fe70Mo2Y6,10.1007/s10973-018-7050-0,907,969,1508,,3.5,
B22Fe70Ni2Y6,10.1016/j.jallcom.2007.09.063,,925,1509,,2,
B22Fe70W2Y6,10.1016/j.commatsci.2016.02.037,867,970,1521,,3,
B22Fe71Mo1Y6,10.1007/s10973-018-7050-0,902,960,1517,,2.5,
B22Fe71Ni1Y6,10.1016/j.commatsci.2016.02.037,883,926,1507,,2,
B22Fe71W1Y6,10.1007/s10973-018-7050-0,845,956,1423,,3,
B22Fe72Y6,10.1016/j.commatsci.2016.02.037,898,950,1413,,2,
B22.32Dy7Fe66.96Mo3.72,10.1007/s10973-018-7050-0,880,957,1406,,2,
B22.56Co20.3Dy6Fe47.38Mo3.76,10.1016/j.jallcom.2017.02.098,845,929,1367,,2,
B22.56Co27.07Dy6Fe40.61Mo3.76,10.1016/j.jallcom.2017.02.098,847,927,1366,,2,
B22.56Co33.84Dy6Fe33.84Mo3.76,10.1016/j.jallcom.2017.02.098,831,912,1365,,2,
B22.56Co6.77Dy6Fe60.91Mo3.76,10.1016/j.jallcom.2017.02.098,860,945,1385,,2,
B22.56Dy6Fe67.68Mo3.76,10.1007/s10973-018-7050-0,854,945,1400,,3,
B22.8Dy5Fe68.4Mo3.8,10.1007/s10973-018-7050-0,853,942,1401,,2,
B23Co14.2Fe56.8Nb6,10.1016/j.commatsci.2016.02.037,809,864,1475,,2,
B23Fe71Nb6,10.1016/j.commatsci.2016.02.037,819,865,1494,,1.5,
B23.04Dy4Fe69.12Mo3.84,10.1007/s10973-018-7050-0,848,923,1396,,2,
B23.04Er4.8Fe68.16Nb4,10.1016/j.jallcom.2014.07.222,868,964,1463,,5.5,
B23.04Fe68.16Gd4.8Nb4,10.1016/j.jallcom.2014.07.222,865,982,1485,,3.5,
B23.04Fe68.16Ho4.8Nb4,10.1016/j.jallcom.2014.07.222,866,967,1467,,5,
B23.04Fe68.16Nb4Tb4.8,10.1016/j.jallcom.2014.07.222,863,991,1474,,3.5,
B23.04Fe68.16Nb4Tm4.8,10.1016/j.jallcom.2014.07.222,868,936,1396,,6.5,
B24Co14.2Fe55.8Nb6,10.1016/j.commatsci.2016.02.037,821,868,1477,,2,
B24Co14.2Fe56.8Nb5,10.1016/j.commatsci.2016.02.037,823,868,1496,,2,
B24Co40Fe27Mo1.5Si1.5Ti3Zr3,10.1016/j.jmatprotec.2007.12.048,811,856,1379,,1.5,
B24Cr10Fe60Nb6,10.1016/j.msea.2008.03.019,847,895,,,1.8,
B24Cr10Fe61Nb5,10.1016/j.msea.2008.03.019,842,885,,,2.2,
B24Cr5Fe63Nb8,10.1016/j.msea.2008.03.019,842,880,,,2.2,
B24Cr6Fe64Nb6,10.1016/j.msea.2008.03.019,866,915,,,3.3,
B24Cr8Fe60Nb8,10.1016/j.msea.2008.03.019,860,915,,,3.4,
B24Cr8Fe62Nb6,10.1016/j.msea.2008.03.019,881,914,,,1.7,
B24.24Cr3.03Fe64.65Nb8.08,10.1016/j.msea.2008.03.019,851,899,,,1.7,
B25Co13.45Fe56.05Nb5.5,10.1016/j.commatsci.2016.02.037,821,879,1510,,2.5,
B26Cr4Fe63Nb7,10.1016/j.msea.2008.03.019,865,912,,,3.6,
B26Cr6Fe62Nb6,10.1016/j.msea.2008.03.019,871,907,,,3.1,
B26Cr8Fe61Nb5,10.1016/j.msea.2008.03.019,870,920,,,2.9,
B3Cr8.5Nb3Ni69P16.5,10.1038/ncomms10313,668,,1134,,10,
B31.5Co43Fe20Ta5.5,10.1016/j.actamat.2003.12.008,910,982,1526,,2,
B4C4Co10Fe66Mo4P9Si3,10.1063/1.2820608,744,788,1221,,6,
B4C4Co20Fe56Mo4P9Si3,10.1063/1.2820608,736,778,1220,,5,
B4C4Co30Fe46Mo4P9Si3,10.1016/j.jallcom.2017.02.098,734,775,1233,,3,
B4C4Fe73Ga3Mo4P10Si2,10.1016/j.commatsci.2016.02.037,744,801,1283,,2,
B4C4Fe74Ga2Mo4P10Si2,10.1016/j.commatsci.2016.02.037,740,790,1276,,1.5,
B4C4Fe74Mo5P10Si3,10.1063/1.2189910,758,799,1263,,3,
B4C4Fe75Ga3Mo2P10Si2,10.1103/PhysRevB.73.104204,738,798,1230,,2.5,
B4C4Fe75Mo4P10Si3,10.1063/1.2189910,752,799,1227,,4,
B4C4Fe76Ga2Mo2P10Si2,10.1103/PhysRevB.73.104204,736,788,1247,,2,
B4C4Fe76Mo3P10Si3,10.1063/1.2189910,750,793,1250,,3.5,
B4C4Fe76Mo4P9Si3,10.1063/1.2189910,744,788,1245,,4,
B4C4Fe77Mo2P10Si3,10.1063/1.2189910,742,783,1264,,2.5,
B4C4Fe78Mo1P10Si3,10.1063/1.2189910,742,780,1268,,1.5,
B4C4Fe79P10Si3,10.1063/1.2189910,740,774,1263,,1,
B4C7Cr5Fe75P9,10.1063/1.2189910,733,766,1300,,2,
B4Cr8.5Nb3Ni69P15.5,10.1038/ncomms10313,668,,1187,,7,
B5C10Co20Fe40Ni15P10,10.1016/j.commatsci.2016.02.037,675,735,1255,,2.5,
B5C10Co35Fe40P10,10.1016/j.commatsci.2016.02.037,704,760,1267,,2,
B5C10Fe40Ni35P10,10.1016/j.commatsci.2016.02.037,643,698,1220,,1.5,
B5C2.5Co25Fe25Ni25P10Si7.5,10.1016/j.commatsci.2016.02.037,725,758,1264,,1,
B5C2.5Co25Fe25Ni25P12.5Si5,10.1016/j.commatsci.2016.02.037,707,746,1227,,2,
B5C5Co25Fe25Ni25P10Si5,10.1016/j.commatsci.2016.02.037,705,745,1233,,2,
B5C7Fe72Ga4P8.7Si3.3,10.1016/j.matdes.2016.05.102,782,801,1290,,2,
B5C7Fe74Ga2P8.7Si3.3,10.1016/j.commatsci.2016.02.037,784,800,1283,,3,
B5C7Fe75Ga1P8.7Si3.3,10.1016/j.commatsci.2016.02.037,781,794,1282,,3,
B5C7Fe76P8.7Si3.3,10.1016/j.commatsci.2016.02.037,779,795,1292,,1,
B5C7.5Co25Fe25Ni25P10Si2.5,10.1016/j.commatsci.2016.02.037,676,714,1276,,1,
B5Cr8.5Nb3Ni69P14.5,10.1038/ncomms10313,668,,1214,,5,
B5.5C5Cr4Fe65.5Ga4Mo4P12,10.1016/j.commatsci.2016.02.037,745,806,1322,,3,
B6C12Cr7Er2Fe56Mn5Mo12,10.1016/j.jallcom.2008.07.087,793,832,1401,,8,
B6C15Co3Cr15Fe45Mo14Y2,10.1016/j.jallcom.2017.02.098,834,880,1446,,8,
B6C15Co48Cr15Er2Mo14,10.1557/jmr.2006.0109,848,933,1394,,10,
B6C15Co5Cr15Fe43Mo14Y2,10.1016/j.jallcom.2017.02.098,835,872,1442,,9,
B6C15Co50Cr15Mo14,10.1557/jmr.2006.0109,819,895,1417,,2,
B6C15Co7Cr15Fe41Mo14Y2,10.1016/j.jallcom.2017.02.098,838,875,1436,,16,
B6C15Co9Cr15Fe39Mo14Y2,10.1016/j.jallcom.2017.02.098,838,888,1466,,10,
B6C15Cr15Er2Fe48Mo14,10.1016/j.jallcom.2017.02.098,844,880,1446,,8,
B6C15Cr15Fe48Mo14Y2,10.1016/j.commatsci.2016.02.037,839,886,1464,,7,
B6C15Cr15Fe48Mo14Y2,10.1038/ncomms10313,822,,1452,,9,
B6C15Cr20Fe41Mo10W6Y2,10.1016/j.commatsci.2016.02.037,881,918,1518,,6,
B6C15Cr20Fe43Mo10W4Y2,10.1016/j.commatsci.2016.02.037,858,920,1503,,8,
B6C15Cr20Fe45Mo10W2Y2,10.1016/j.commatsci.2016.02.037,856,913,1500,,6,
B6C15Cr20Fe47Mo10Y2,10.1016/j.commatsci.2016.02.037,854,909,1494,,5,
B6C15Cr5Er2Fe58Mo14,10.1016/j.jallcom.2008.07.087,793,829,1416,,6,
B6C15Er2Fe63Mo14,10.1016/j.jallcom.2008.07.087,771,830,1389,,3,
B6Cr8.5Nb3Ni69P13.5,10.1038/ncomms10313,671,,1243,,4,
B7.5C2.5Co25Fe25Ni25P10Si5,10.1016/j.commatsci.2016.02.037,720,759,1263,,1.5,
B7.5C5Co25Fe25Ni25P7.5Si5,10.1016/j.commatsci.2016.02.037,719,752,1257,,1,
Be0.11Cu59.93Ti9.99Zr29.97,10.1016/S1359-6462(03)00285-9,720,762,1130,,5,
Be10Cu54Ti9Zr27,10.2320/matertrans.42.1800,720,762,1130,,5,
Be12.5Cu47.5Zr40,10.1016/j.actamat.2008.02.044,698,756,1156,,3,
Be18Cu10Ni9Ti49.5Zr13.5,10.1016/j.jallcom.2018.11.299,582,656,1046,,7,
Be18Cu14Nb8Ni12Zr48,10.1016/S0022-3093(02)01876-8,656,724,1072,,8,
Be18Cu9Ni8Ti40Zr25,10.1016/j.msea.2006.06.053,,,,,8,
Be18Cu9Ni8Ti50Zr15,10.1016/j.jallcom.2018.11.299,622,662,1009,,6,
Be18Cu9Ni8Ti55Zr10,10.1016/j.msea.2006.06.053,629,667,1013,,6,
Be18.4Cu8Ni9.2Ti50.6Zr13.8,10.1016/j.jallcom.2018.11.299,586,653,1050,,8,
Be18.8Cu6Ni9.4Ti51.7Zr14.1,10.1016/j.jallcom.2018.11.299,593,649,1079,,8,
Be19.2Cu4Ni9.6Ti52.8Zr14.4,10.1016/j.jallcom.2018.11.299,599,646,1123,,10,
Be19.6Cu2Ni9.8Ti53.9Zr14.7,10.1016/j.jallcom.2018.11.299,603,642,1143,,7,
Be2Cu25Mg63Tb10,10.1016/j.intermet.2008.08.011,,,740,,7,
Be20Co20Hf20Ti20Zr20,10.1016/j.commatsci.2016.02.037,683,722,1187,,3,
Be20Cu10Fe2Mg12Nb12Ni6Y2Zr36,10.1016/S0022-3093(02)01876-8,670,712,1029,,5,
Be20Cu10Mg12Nb12Ni8Y2Zr36,10.1016/S0022-3093(02)01876-8,653,733,1029,,5,
Be20Cu20Hf20Ti20Zr20,10.1016/j.commatsci.2016.02.037,632,715,1194,,5,
Be20Cu8Mg24Ni8Ti10Y4Zr26,10.1016/S0022-3093(02)01876-8,650,700,951,,5,
Be20Hf20Ni20Ti20Zr20,10.1016/j.commatsci.2016.02.037,657,709,1108,,8,
Be20Ni10Ti55Zr15,10.1016/j.jallcom.2018.11.299,604,639,1171,,5,
Be21.5Cu11Mg0.5Ni11Ti15Y1Zr40,10.1016/S0022-3093(02)01876-8,630,674,975,,5,
Be22.5C2Cu12.5Ni8Ti14Zr41,10.1016/S0022-3093(02)01876-8,628,683,997,,5,
Be22.5C8Cu12.5Ni2Ti14Zr41,10.1016/S0022-3093(02)01876-8,629,727,992,,3,
Be22.5Cu12.5Ni10Ti13.8Zr41.2,10.1016/j.jallcom.2008.07.087,,,,,50,
Be22.5Cu12.5Zr65,10.1016/j.scriptamat.2007.10.040,585,684,1098,,4,
Be23Cr6Cu9Ni10Ti24Zr28,10.1016/j.jallcom.2018.11.299,637,686,1071,,6,
Be23Cu9Fe6Ni10Ti24Zr28,10.1016/j.jallcom.2018.11.299,643,694,1107,,4,
Be23Cu9Ni10Ti24V6Zr28,10.1016/j.jallcom.2018.11.299,635,677,1064,,7,
Be24Cu12Fe8Nb8Zr48,10.1016/S0022-3093(02)01876-8,658,751,1071,,8,
Be25Cu20Ti11Zr44,10.1016/j.scriptamat.2008.09.001,,,,,2.13,
Be26Cr6Cu10Ti27Zr31,10.1016/j.jallcom.2018.11.299,611,678,1018,,14,
Be26Cu10Fe6Ti27Zr31,10.1016/j.jallcom.2018.11.299,617,685,1037,,13,
Be26Cu10Ni6Ti27Zr31,10.1016/j.jallcom.2018.11.299,610,682,1023,,15,
Be26Cu10Ti27V6Zr31,10.1016/j.jallcom.2018.11.299,610,666,1027,,15,
Be27.5Cu15Ti24Zr33.5,10.1016/j.scriptamat.2008.09.001,606,720,,,2.16,
Be30Cr5Ti40Zr25,10.1016/j.scriptamat.2007.10.040,599,692,1101,,8,
Be30Cr5Ti45Zr20,10.1016/j.scriptamat.2007.10.040,602,678,1135,,7,
Be35Ti30Zr35,10.1016/j.actamat.2008.02.001,592,712.2,1134.5,,6,
Be35Ti35Zr30,10.1016/j.actamat.2008.02.001,581,685.8,1118,,6,
Be35Ti40Zr25,10.1016/j.actamat.2008.02.001,595.3,674.7,1123.6,,6,
Be35Ti45Zr20,10.1016/j.actamat.2008.02.001,592.9,653.5,1121.5,,6,
Be7Cu25Ni15Sn3Ti45Zr5,10.1016/j.jallcom.2018.11.299,680,741,1142,,5,
Be7Cu25Ni15Sn3Ti50,10.1016/j.jallcom.2018.11.299,688,733,1207,,2,
Be78.97Cu2.37Ni2.87Ti2.37Zr13.42,10.1038/ncomms10313,595,,1050,,12,
C13.99Fe81.41P0.1Si3.8Tm0.7,10.1016/j.jmatprotec.2007.12.048,717,767,1318,,1,
C13.99Fe81.43P0.08Si3.8Tm0.7,10.1016/j.jmatprotec.2007.12.048,687,752,1284,,1,
C7Fe80P13,10.1038/ncomms10313,736,,1258,,0.72,
Ca18.1Cu45.5Mg36.4,10.1016/j.commatsci.2016.02.037,391,420,851,,2,
Ca18.2Cu54.5Mg27.3,10.1016/j.commatsci.2016.02.037,402,419,921,,0.5,
Ca22.7Cu40.9Mg36.4,10.1016/j.commatsci.2016.02.037,394,414,821,,1.5,
Ca22.7Cu45.5Mg31.8,10.1016/j.commatsci.2016.02.037,389,410,843,,1.3,
Ca27.2Cu36.4Mg36.4,10.1016/j.commatsci.2016.02.037,382,400,750,,5,
Ca27.2Cu45.5Mg27.3,10.1016/j.commatsci.2016.02.037,395,410,831,,1.5,
Ca27.3Cu40.9Mg31.8,10.1016/j.commatsci.2016.02.037,392,414,785,,3,
Ca27.3Cu50Mg22.7,10.1016/j.commatsci.2016.02.037,392,410,864,,1.5,
Ca27.3Cu54.5Mg18.2,10.1016/j.commatsci.2016.02.037,401,423,884,,1,
Ca30Cu45Mg25,10.1016/j.commatsci.2016.02.037,387,430,798,,2.5,
Ca31.8Cu36.4Mg31.8,10.1016/j.commatsci.2016.02.037,388,400,742,,8,
Ca31.8Cu40.9Mg27.3,10.1016/j.commatsci.2016.02.037,391,430,745,,4,
Ca31.8Cu45.5Mg22.7,10.1016/j.commatsci.2016.02.037,388,427,793,,3,
Ca31.8Cu50Mg18.2,10.1016/j.commatsci.2016.02.037,392,421,828,,2,
Ca33.33Cu33.33Mg33.33,10.1016/j.commatsci.2016.02.037,391,406,731,,3,
Ca35Cu40Mg25,10.1016/j.commatsci.2016.02.037,386,429,748,,3.5,
Ca36.4Cu36.4Mg27.2,10.1016/j.commatsci.2016.02.037,383,412,706,,8,
Ca36.4Cu40.9Mg22.7,10.1016/j.commatsci.2016.02.037,396,432,719,,5,
Ca36.4Cu45.5Mg18.1,10.1016/j.commatsci.2016.02.037,397,426,735,,3,
Ca40Cu30Mg30,10.1016/j.jallcom.2006.01.104,395,430,694,0.5,0.5,
Ca40Cu35Mg25,10.1016/j.jallcom.2006.01.104,399,436,680,4,4,
Ca40.9Cu40.9Mg18.2,10.1016/j.commatsci.2016.02.037,393,431,717,,3,
Ca45Cu25Mg30,10.1016/j.jallcom.2006.01.104,401,436,717,1,1,
Ca45Cu30Mg25,10.1016/j.jallcom.2006.01.104,400,438,678,6,6,
Ca45Cu36Mg19,10.1016/j.jallcom.2006.01.104,399,428,714,0.5,0.5,
Ca47Cu27Mg19Zn7,10.1016/j.intermet.2006.01.024,393,440,676,,6,
Ca47.5Cu30Mg22.5,10.1016/j.jallcom.2006.01.104,399,440,673,6,6,
Ca50Cu10Mg25Zn15,10.1016/j.intermet.2006.01.024,383,430,723,,8,
Ca50Cu20Mg30,10.1016/j.jallcom.2006.01.104,402,439,731,2,2,
Ca50Cu25Mg10Zn15,10.1016/j.jallcom.2008.07.087,,,,,2,
Ca50Cu25Mg15Zn10,10.1016/j.jallcom.2008.07.087,,,,,10,
Ca50Cu25Mg20Zn5,10.1016/j.jallcom.2008.07.087,,,,,10,
Ca50Cu25Mg25,10.1016/j.jallcom.2008.07.087,,,,,9,
Ca50Cu27.5Mg22.5,10.1016/j.jallcom.2008.07.087,,,,,10,
Ca50Cu30Mg20,10.1007/s11661-007-9255-x,401,442,690,,8,
Ca53Cu24Mg23,10.1016/j.jallcom.2008.07.087,,,,,7,
Ca55Cu20Mg25,10.1016/j.jallcom.2008.07.087,,,,,8,
Ca55Cu23Mg11Zn11,10.1016/j.jallcom.2008.07.087,,,,,1,
Ca55Cu25Mg20,10.1016/j.jallcom.2008.07.087,,,,,2,
Ca55Cu30Mg15,10.1016/j.jallcom.2008.07.087,,,,,3,
Ca55Cu35Mg10,10.1016/j.jallcom.2008.07.087,,,,,0.5,
Ca55Mg15Zn30,10.1016/j.jallcom.2008.07.087,387,,696,,0.5,
Ca55Mg18Zn27,10.1016/j.jallcom.2008.07.087,,,671,,0.5,
Ca55Mg20Zn25,10.1016/j.jallcom.2008.07.087,,,,,2,
Ca55Mg25Zn20,10.1016/j.jallcom.2008.07.087,,,,,1,
Ca58Cu24Mg18,10.1016/j.jallcom.2008.07.087,,,,,6,
Ca60Cu15Mg25,10.1016/j.jallcom.2008.07.087,,,,,2,
Ca60Cu20Mg20,10.1016/j.jallcom.2008.07.087,,,,,4,
Ca60Cu25Mg15,10.1016/j.jallcom.2008.07.087,,,,,1,
Ca60Cu27Mg13,10.1016/j.jallcom.2008.07.087,,,,,1,
Ca60Mg10Zn30,10.1016/j.jallcom.2008.07.087,,400,666,,0.5,
Ca60Mg15Zn25,10.1016/j.jallcom.2008.07.087,,,,,6,
Ca60Mg15Zn25,10.4028/www.scientific.net/MSF.475-479.3415,382,426,,,11,
Ca60Mg17.5Zn22.5,10.1016/j.jallcom.2008.07.087,383,421,,,10,
Ca60Mg20Zn20,10.1016/j.jallcom.2008.07.087,,,,,4,
Ca60Mg25Zn15,10.1016/j.jallcom.2008.07.087,,,,,1,
Ca62.5Mg17.5Zn20,10.1016/j.jallcom.2008.07.087,,,,,10,
Ca65Cu10Mg25,10.1016/j.jallcom.2006.01.104,405,429,691,0.5,0.5,
Ca65Cu15Mg20,10.1016/j.jallcom.2006.01.104,386,405,679,2,2,
Ca65Cu20Mg15,10.1016/j.jallcom.2006.01.104,383,409,682,4,4,
Ca65Cu25Mg10,10.1016/j.jallcom.2006.01.104,388,420,711,2,2,
Ca65Cu30Mg5,10.1016/j.jallcom.2006.01.104,403,424,757,0.5,0.5,
Ca65Mg10Zn25,10.1016/j.intermet.2006.01.024,377,412,659,,2,
Ca65Mg10Zn25,10.4028/www.scientific.net/MSF.475-479.3415,378,414,,,6,
Ca65Mg15Zn20,10.1016/j.intermet.2006.01.024,377,410,630,,6,
Ca65Mg15Zn20,10.4028/www.scientific.net/MSF.475-479.3415,,,,,15,
Ca65Mg20Zn15,10.1016/j.intermet.2006.01.024,380,405,668,,5,
Ca65Mg20Zn15,10.4028/www.scientific.net/MSF.475-479.3415,,,,,9,
Ca65Mg25Zn10,10.1016/j.intermet.2006.01.024,387,405,759,,0.5,
Ca70Cu10Mg20,10.1016/j.jallcom.2008.07.087,356,385,702,,0.5,
Ca70Cu20Mg10,10.1016/j.jallcom.2008.07.087,,,,,1,
Ca70Mg10Zn20,10.1016/j.jallcom.2008.07.087,,,,,0.5,
Ca70Mg15Zn15,10.1016/j.intermet.2006.01.024,371,397,688,,0.5,
Ca70Mg15Zn15,10.4028/www.scientific.net/MSF.475-479.3415,,389,,,5,
Co2Nb32.75Ni60.25Zr5,10.1016/j.jallcom.2008.01.075,875,912,1477,,3,
Co3Nb36Ni56Sn5,10.1557/JMR.2008.0084,872,916,,,3,
Co4Nb32.75Ni58.25Zr5,10.1016/j.jallcom.2008.01.075,873,911,1492,,3,
Co5Nb33Ni57Zr5,10.1016/j.jallcom.2008.01.075,866,911,1482,,3.5,
Co6Nb34Ni54Sn6,10.1557/JMR.2008.0084,872,917,,,3,
Co7Nb33Ni55Zr5,10.1016/j.jallcom.2008.01.075,876,909,1482,,3,
Co7.5Nb34Ni52.5Sn6,10.1557/JMR.2008.0084,872,920,,,3,
Cr8.5Nb3Ni69P19.5,10.1038/ncomms10313,660,,1136,,1,
Cu10Gd10Mg75Ni5,10.1016/j.jnoncrysol.2005.01.061,426,470,,,3,
Cu10Pd73.5Si16.5,10.1016/j.msea.2006.06.053,,,1136,,2,
Cu10.3Mg80Ni3.4Y6.3,10.1557/jmr.2007.0032,,,,,4,
Cu12Pd71.5Si16.5,10.1016/j.msea.2006.06.053,,,1154,,2,
Cu14Ni20Ti17Zr49,10.1016/j.commatsci.2016.02.037,631,669,1087,,3,
Cu14.7Ni5.3P22.5Pt57.5,10.1063/1.1738945,508,606,,,16,
Cu15Gd10Mg75,10.1016/j.jnoncrysol.2005.01.061,421,452,,,2.5,
Cu17Ni20Ti14Zr49,10.1016/j.commatsci.2016.02.037,625,674,1095,,4,
Cu18Mg65Ni6Y11,10.1557/jmr.2006.0294,426,466,787,,5,
Cu2Nb32.75Ni60.25Zr5,10.1016/j.jallcom.2008.01.075,878,905,1445,,3,
Cu2Pd81.5Si16.5,10.1016/j.msea.2006.06.053,,,1097,,2,
Cu2.22Pd90.56Si7.22,10.1016/j.msea.2006.06.053,633,670,1097,,2,
Cu20Gd10Mg65Ni5,10.1016/j.jallcom.2008.07.087,,,,,5,
Cu20Mg65Tb10Zn5,10.1016/j.jnoncrysol.2008.09.032,428,75,726,,7,Unverified - Tx value reported as 75 K
Cu22.5Mg65Tb10Zn2.5,10.1016/j.jnoncrysol.2008.09.032,426,501,730,,6,
Cu22.8Mg63Ni3.2Y11,10.1557/jmr.2006.0294,423,478,768,,5,
Cu24.5Gd11Mg64.5,10.1016/j.msea.2006.02.429,413,472,739,,6,
Cu25Dy10Mg65,10.1016/j.intermet.2006.10.017,422,492,750,,3,
Cu25Er10Mg65,10.1016/j.jallcom.2005.01.043,,,,,3,
Cu25Gd10Mg65,10.1016/j.intermet.2006.10.017,423,484,740,,8,
Cu25Gd10Mg65,10.1016/j.msea.2006.02.429,413,473,739,,7,
Cu25Gd5Mg65Y5,10.1016/j.jallcom.2008.07.087,,,,,5,
Cu25Ho10Mg65,10.1016/j.intermet.2006.10.017,417,473,751,,1,
Cu25Mg65Nd10,10.1016/j.intermet.2006.10.017,423,456,744,,1,
Cu25Mg65Pr10,10.1016/j.intermet.2006.10.017,413,446,784,,1,
Cu25Mg65Tb10,10.1016/j.intermet.2008.08.011,426,488,743,,5,
Cu25Mg65Tb7Y3,10.1016/j.jnoncrysol.2004.07.057,416,488,736,5,5,
Cu25Mg65Tb8Y2,10.1016/j.jnoncrysol.2004.07.057,417,492,734,5,5,
Cu25Mg65Tb9Y1,10.1016/j.jnoncrysol.2004.07.057,416,489,732,5,5,
Cu25Mg65Y10,10.1016/j.intermet.2006.10.017,413,473,760,,4,
Cu25Mg65Y10,10.1016/j.jnoncrysol.2004.07.057,414,486,752,,2,
Cu25Mg65Y10,10.1038/ncomms10313,,,735,,7,
Cu25.43Gd9.01Mg65.56,10.1016/j.msea.2006.02.429,411,457,741,,6,
Cu26.5Gd11Mg62.5,10.1016/j.msea.2006.02.429,427,483,748,,9,
Cu27Gd10Mg63,10.1016/j.msea.2006.02.429,418,481,755,,4,
Cu27Mg63Y10,10.1557/jmr.2006.0294,418,488,756,,5,
Cu27Ni9.5P21Pt42.5,10.1063/1.1738945,515,589,,,20,
Cu27.5Gd9Mg63.5,10.1016/j.msea.2006.02.429,425,469,773,,4,
Cu27.83Ni26.09Sn2.61Ti43.48,10.1016/j.jallcom.2018.11.299,686,759,1283,,1,
Cu28Gd11Mg61,10.1063/1.2821755,422,483,737,,12,
Cu28.5Gd11Mg60.5,10.1016/j.msea.2006.02.429,425,485,755,,8,
Cu29Gd10Mg61,10.1016/j.msea.2006.02.429,420,480,762,,4,
Cu29Mg60Y11,10.1557/jmr.2006.0294,423,496,750,,8,
Cu29Mg61Y10,10.1557/jmr.2006.0294,420,485,747,,6,
Cu29.5Gd9Mg61.5,10.1016/j.msea.2006.02.429,433,472,785,,4,
Cu30Ni10P20Pd40,10.1016/j.jallcom.2008.07.087,,,,,72,
Cu30Ni10P20Pd40,10.1038/ncomms10313,578,,862,,85,
Cu30Ni7.5P20Pd42.5,10.1038/ncomms10313,566,,834,,150,
Cu30Pd20Ti40Zr10,10.1016/j.msea.2006.06.053,687,747,1279,,3,
Cu30.5Gd11Mg58.5,10.1016/j.msea.2006.02.429,427,490,753,,8,
Cu30.5Mg58Y11.5,10.1557/jmr.2006.0294,424,499,761,,9,
Cu30.5Mg58.5Y11,10.1016/j.scriptamat.2006.05.029,422,496,762,,9,
Cu31Gd10Mg59,10.1016/j.msea.2006.02.429,424,482,769,,4,
Cu31Mg57Nd5.4Y6.6,10.1016/j.scriptamat.2006.05.029,427,491,778,,14,
Cu31Mg58Y11,10.1557/jmr.2006.0294,423,498,772,,8,
Cu31.5Mg57Nd2.3Y9.2,10.1016/j.scriptamat.2006.05.029,428,502,777,,10,
Cu31.5Mg57Nd3.5Y8,10.1016/j.scriptamat.2006.05.029,426,501,778,,12,
Cu32Pd18Ti40Zr10,10.1016/j.msea.2006.06.053,683,740,1272,,3,
Cu34Pd16Ti40Zr10,10.1016/j.msea.2006.06.053,672,723,1231,,4,
Cu36Ni9Ti55,10.1007/s11661-008-9647-6,652,692,1221,,1,
Cu36Pd14Ti40Zr10,10.1016/j.msea.2006.06.053,669,718,1191,,6,
Cu36.24Ni9.06Sn1.96Ti43.15Zr9.59,10.1016/j.commatsci.2016.02.037,649,699,1167,,3,
Cu37.04Ni7.06Sn2Ti44.1Zr9.8,10.1016/j.commatsci.2016.02.037,650,692,1167,,2,
Cu37.5Hf5Ni7.5Si1Sn5Ti41.5Zr2.5,10.1016/j.commatsci.2016.02.037,693,758,1176,,6,
Cu37.5Ni7.5Ti50Zr5,10.2320/matertrans.46.2218,,,,,1,
Cu37.8Ni7.2Ti45Zr10,10.1016/j.jallcom.2018.11.299,641,680,1167,,1,
Cu38Ni10Ti44.2Zr7.8,10.1007/s11661-008-9647-6,664,708,,,3,
Cu38Ni9Ti47.2Zr5.8,10.1007/s11661-008-9647-6,670,706,1188,,2,
Cu38Pd12Ti40Zr10,10.1016/j.msea.2006.06.053,666,715,1189,,6,
Cu39Ni8Ti45.05Zr7.95,10.1007/s11661-008-9647-6,665,702,,,3,
Cu39Ni8Ti47.2Zr5.8,10.1007/s11661-008-9647-6,665,700,,,2,
Cu39Ni9Ti44.2Zr7.8,10.1007/s11661-008-9647-6,670,710,,,3,
Cu4Pd79.5Si16.5,10.1016/j.msea.2006.06.053,,,,,0.75,
Cu40Ni5Ti50Zr5,10.2320/matertrans.46.2218,,,,,2,
Cu40Ni8Ti44.2Zr7.8,10.1007/s11661-008-9647-6,669,702,,,3,
Cu40Pd10Ti40Zr10,10.1016/j.msea.2006.06.053,660,709,1184,,4,
Cu42.5Hf5Ni7.5Si1Ti41.5Zr2.5,10.1016/j.jallcom.2006.03.006,684.6,719.9,1206,,2,
Cu42.5Hf5Ni7.5Si1Ti41.5Zr2.5,10.1016/j.msea.2006.06.053,680,730,1199,,5,
Cu42.5Hf5Ni7.5Ti42.5Zr2.5,10.1016/j.jallcom.2018.11.299,677,726,1203,,2.5,
Cu42.5Hf5Ni7.5Ti42.5Zr2.5,10.2320/matertrans.45.3223,,,,,2.25,
Cu42.5Ni2.5Ti50Zr5,10.2320/matertrans.46.2218,,,,,1,
Cu42.5Ni5Ti42.5Zr10,10.2320/matertrans.46.2218,,,,,2,
Cu42.5Ni7.5Ti47.5Zr2.5,10.1016/j.jallcom.2018.11.299,673,720,1225,,1.5,
Cu42.5Ni7.5Ti47.5Zr2.5,10.2320/matertrans.45.3223,,,,,1.25,
Cu42.5Ni7.5Ti50,10.1016/j.jallcom.2018.11.299,670,708,1226,,0.2,
Cu45Hf25Ti20Y10,10.1080/14786430903110526,,755,,,2,
Cu45Ni5Ti42.5Zr7.5,10.2320/matertrans.46.2218,,,,,3,
Cu45Ni5Ti45Zr5,10.2320/matertrans.46.2218,,,,,3,
Cu45Ti50Zr5,10.2320/matertrans.46.2218,,,,,1,
Cu46Zr54,10.1016/j.commatsci.2016.02.037,696,746,1201,,2,
Cu47Nb11Ni8Si1Ti33,10.1016/j.jnoncrysol.2005.02.019,710,732,1265,,0.5,
Cu47Nb2Ni8Si1Ti33Zr9,10.1016/j.jnoncrysol.2005.02.019,728,762,1159,,5,
Cu47Nb4Ni8Si1Ti33Zr7,10.1016/j.jnoncrysol.2005.02.019,713,736,1172,,5,
Cu47Nb6Ni8Si1Ti33Zr5,10.1016/j.jnoncrysol.2005.02.019,712,739,1187,,2,
Cu47Nb8Ni8Si1Ti33Zr3,10.1016/j.jnoncrysol.2005.02.019,708,731,1228,,1,
Cu47Ni13Ti10Zr30,10.1016/j.scriptamat.2006.01.023,727,754,1251,,1,
Cu47Ni6Si1Sn2Ti33Zr11,10.1016/j.jallcom.2008.07.087,,,,,6,
Cu47Ni8Si1Ti33Zr11,10.1016/j.jnoncrysol.2005.02.019,,,1157,,4,
Cu47Ni8Ti34Zr11,10.1016/j.jallcom.2008.07.087,,,1169,,4.5,
Cu47Ni8Ti34Zr11,10.1016/S1359-6462(03)00285-9,671,717,1160,,3,
Cu47Ni8Ti34Zr11,10.1038/ncomms10313,,,,,4,
Cu47Ni8Ti34Zr11,10.1063/1.360537,,,1159,,6,
Cu48Hf25Si7Ti20,10.1080/14786430903110526,736,,1190,,6,
Cu48Hf25Ti20Y7,10.1080/14786430903110526,725,750,1185,,3,
Cu49.4Si0.6Sn0.6Ti7.41Zr41.99,10.1016/j.msea.2005.12.102,682,734,1141,,7,
Cu49.5Si1Ti7.42Zr42.08,10.1016/j.msea.2005.12.102,683,731,1141,,6,
Cu49.5Sn1Ti7.42Zr42.08,10.1016/j.msea.2005.12.102,,,,,6,
Cu5Gd10Mg75Ni10,10.1016/j.jnoncrysol.2005.01.061,436,479,,,2.5,
Cu50Hf25Si5Ti20,10.1080/14786430903110526,736,,1195,,7,
Cu50Hf25Ti20Y5,10.1080/14786430903110526,725,750,1187,,5.5,
Cu50Ni8Ti24Zr18,10.2320/matertrans.MRP2008066,696,750,1178,,6,
Cu50Ti10Zr40,10.1016/j.msea.2005.08.207,680,743,,,3,
Cu50Ti15Zr35,10.1016/j.msea.2005.08.207,672,705,,,1,
Cu50Ti35Zr15,10.1016/j.msea.2005.08.207,640,694,,,1,
Cu50Ti40Zr10,10.1016/j.msea.2005.08.207,652,696,,,3,
Cu50Ti45Zr5,10.1016/j.msea.2005.08.207,652,687,,,2,
Cu50Ti5Zr45,10.1016/j.msea.2005.08.207,673,740,,,4,
Cu50Ti7.5Zr42.5,10.2320/matertrans.46.1692,677,717,1152,,5,
Cu50Zr50,10.1016/j.actamat.2008.02.044,,723,1252,,2,
Cu50Zr50,10.1038/ncomms10313,673,,,,2.5,
Cu51Hf25Mn4Ti20,10.1002/adem0.200700056,735,,,,0.03,
Cu51Hf25Ti20V4,10.1002/adem0.200700053,721,753,1234,,0.03,
Cu52Hf25Si3Ti20,10.1080/14786430903110526,731,,1198,,6,
Cu52Hf25Ti20Y3,10.1080/14786430903110526,725,750,1190,,6.5,
Cu52.5Ga5Zr42.5,10.1016/j.msea.2006.06.053,733,777,1187,,2,
Cu52.5Ga7.5Zr40,10.1016/j.msea.2006.06.053,744,777,1218,,1.5,
Cu53Hf25Mn2Ti20,10.1002/adem0.200700055,730,,,,2,
Cu53Hf25Ti20V2,10.1002/adem0.200700052,723,753,1188,,1,
Cu54Hf25Mn1Ti20,10.1002/adem0.200700054,723,,,,3,
Cu54Hf25Si1Ti20,10.1080/14786430903110526,727,,1190,,5,
Cu54Hf25Ti20V1,10.1002/adem.200700051,728,756,1171,,3,
Cu54Hf25Ti20Y1,10.1080/14786430903110526,725,750,1190,,5,
Cu54.1Ti7.7Zr38.2,10.1063/1.360537,683,723,,,4,
Cu55Ga2.5Zr42.5,10.1016/j.msea.2006.06.053,709,762,1199,,1,
Cu55Ga5Zr40,10.1016/j.msea.2006.06.053,736,779,1193,,2,
Cu55Hf25Ti20,10.1002/adem0.200700047,725,755,1163,,4,
Cu55Ni5Ti10Zr30,10.1016/j.scriptamat.2006.01.023,717,750,1204,,2,
Cu55.2Hf23Nb8Ti13.8,10.1016/j.actamat.2005.04.037,745,783,1198,,2.5,
Cu55.8Ni7Ti9.3Zr27.9,10.1557/JMR.2007.0206,735,791,1225,,2.5,
Cu56.4Hf23.5Nb6Ti14.1,10.1016/j.actamat.2005.04.037,745,785,1190,,4,
Cu57Ni5Ti9.5Zr28.5,10.1557/JMR.2007.0206,727,787,1198,,3,
Cu57.5Ga5Zr37.5,10.1016/j.msea.2006.06.053,745,785,1241,,1,
Cu57.6Hf24Nb4Ti14.4,10.1016/j.actamat.2005.04.037,747,789,1188,,4,
Cu58.8Hf24.5Nb2Ti14.7,10.1016/j.actamat.2005.04.037,746,792,1184,,4,
Cu58.8Ti9.8Y2Zr29.4,10.1016/S1359-6462(03)00285-9,707,757,1122,,5,
Cu59.4Sn1Ti9.9Zr29.7,10.1016/S1359-6462(03)00285-9,730,776,1155,,5,
Cu6P5Pd79Si10,10.1016/j.jnoncrysol.2006.09.025,609,682,995,,5,
Cu6Pd77Si17,10.1016/j.msea.2006.06.053,642,686,1128,,2,
Cu6Pd77.5Si16.5,10.1016/j.msea.2006.06.053,,,1058,,1.5,
Cu6Pd77.5Si16.5,10.1038/ncomms10313,622,,1037,,11,
Cu60Hf17.5Ti22.5,10.1016/j.jnoncrysol.2006.12.068,732,755,1229,,3,
Cu60Hf20Ti20,10.1016/j.jnoncrysol.2006.12.068,740,767,1211,,4,
Cu60Hf25Ti15,10.1016/j.actamat.2005.04.037,745,805,1182,,4,
Cu60Ti10Zr30,10.1016/j.scriptamat.2006.01.023,724,746,1175,,2,
Cu60Ti10Zr30,10.1016/S1359-6462(03)00285-9,713,750,1151,,4,
Cu60Ti7Zr33,10.1016/j.scriptamat.2005.11.077,740,768,1191,,3,
Cu60Zr40,10.1016/j.actamat.2008.02.044,726,776,1221,,1,
Cu64Zr36,10.1016/j.scriptamat.2007.10.001,787,833,1230,,2,
Cu7.7Mg85Ni2.6Y4.7,10.1557/jmr.2007.0032,,,,,4,
Cu8.7Mg83Ni2.9Y5.4,10.1557/jmr.2007.0032,,,,,4,
Cu9.5Mg81.5Ni3.2Y5.8,10.1557/jmr.2007.0032,,,,,4,
Fe2Nb32.75Ni60.25Zr5,10.1016/j.jallcom.2008.01.075,883,904,1462,,3,
Gd10Mg75Ni15,10.1016/j.commatsci.2016.02.037,449,482,799,,3,
Gd10Mg75Ni15,10.1016/j.jnoncrysol.2005.01.061,,493,,,2,
Gd6Mg80Nd2Ni12,10.1557/jmr.2009.0438,,,,,2,
La10Mg70Ni20,10.1016/j.commatsci.2016.02.037,447,475,791,,0.4,
La11Mg71Ni18,10.1016/j.commatsci.2016.02.037,451,479,796,,0.5,
La13Mg69Ni18,10.1016/j.commatsci.2016.02.037,449,478,797,,0.5,
La15Mg65Ni20,10.1016/j.commatsci.2016.02.037,451,480,812,,0.5,
La15.4Mg60Ni23.6Y1,10.1016/j.commatsci.2016.02.037,454,491,827,,3,
La15.65Mg60Ni23.6Y0.75,10.1016/j.commatsci.2016.02.037,456,495,839,,4,
La15.7Mg59.78Ni23.52Si0.5Y0.5,10.1016/j.commatsci.2016.02.037,457,490,824,,1,
La15.8Mg60Ni23.6Si0.1Y0.5,10.1016/j.commatsci.2016.02.037,453,494,828,,1.5,
La15.9Mg60Ni23.6Si0.25Y0.25,10.1016/j.commatsci.2016.02.037,456,492,824,,2,
La15.9Mg60Ni23.6Si0.5,10.1016/j.commatsci.2016.02.037,457,492,828,,1,
La15.9Mg60Ni23.6Y0.5,10.1016/j.commatsci.2016.02.037,456,492,829,,4,
La16Mg69Ni15,10.1016/j.commatsci.2016.02.037,455,481,800,,1,
La16.15Mg60Ni23.6Si0.25,10.1016/j.commatsci.2016.02.037,453,492,826,,1,
La16.15Mg60Ni23.6Y0.25,10.1016/j.commatsci.2016.02.037,456,491,829,,3.5,
La16.4Mg60Ni23.6,10.1016/j.commatsci.2016.02.037,450,490,819,,2.5,
La17Mg57Ni26,10.1016/j.commatsci.2016.02.037,454,499,831,,2,
La17Mg70Ni13,10.1016/j.commatsci.2016.02.037,474,474,803,,0.4,
La20Mg50Ni30,10.1016/j.commatsci.2016.02.037,453,510,841,,1,
Mg48Ni31Pr21,10.1016/j.matlet.2004.09.049,446,493,776,,3,
Mg63Ni22Pr15,10.1016/j.matlet.2004.09.049,446,498,776,,3,
Mg65Nd15Ni20,10.1016/j.msea.2006.06.053,459,501,805,,3.5,
Mg65Ni21Pr14,10.1016/j.matlet.2004.09.049,452,494,794,,3,
Mg70Nd15Ni15,10.1016/j.msea.2006.06.053,467,489,844,,1.5,
Mg75Nd10Ni15,10.1016/j.msea.2006.06.053,,470,790,,2.8,
Mg80Nd10Ni10,10.1016/j.msea.2006.06.053,454,471,,,0.6,
Nb15Ni52.5Pd12.5Zr20,10.1557/JMR.2008.0242,861,908,,,2.5,
Nb15Ni55Pd10Zr20,10.1557/JMR.2008.0242,864,907,,,3,
Nb15Ni57.5Pd7.5Zr20,10.1557/JMR.2008.0242,870,907,,,3,
Nb15Ni60Pd5Zr20,10.1557/JMR.2008.0242,873,907,,,2,
Nb15Ni60Zr25,10.1016/j.jallcom.2006.08.292,843,874,1405,,0.1,
Nb15Ni62.5Pd2.5Zr20,10.1557/JMR.2008.0242,867,906,,,2,
Nb20Ni60Zr20,10.1016/j.jallcom.2006.08.292,853,891,1391,,0.5,
Nb25Ni60Zr15,10.1016/j.jallcom.2006.08.292,860,891,1390,,1.5,
Nb30Ni60Ta10,10.1016/j.intermet.2006.10.017,934,961,1559,,2,
Nb30Ni60Zr10,10.1016/j.jallcom.2006.08.292,875,902,1413,,2,
Nb30.75Ni62.25Sn2Zr5,10.1016/j.jallcom.2008.01.075,853,,1460,,2,
Nb30.75Ni62.25Ti2Zr5,10.1016/j.jallcom.2008.01.075,882,910,1451,,3,
Nb32Ni62Zr6,10.1016/j.msea.2006.12.028,864,914,1476,,2.5,
Nb32Ni63Zr5,10.1016/j.msea.2006.12.028,875,928,1492,,2.5,
Nb32.5Ni62.5Zr5,10.1016/j.msea.2006.12.028,878,921,1503,,3,
Nb32.75Ni62.25Zr5,10.1016/j.jallcom.2008.01.075,878,918,1489,,3,
Nb33Ni61Zr6,10.1016/j.msea.2006.12.028,843,909,1447,,2,
Nb33Ni62Zr5,10.1016/j.jallcom.2008.01.075,,,,,3,
Nb33Ni63Zr4,10.1016/j.msea.2006.12.028,870,930,1487,,2.5,
Nb33.6Ni59.5Sn6.9,10.1063/1.1544434,881,931,,3,2,
Nb34Ni61Zr5,10.1016/j.msea.2006.12.028,870,910,1453,,2,
Nb34Ni62Zr4,10.1016/j.msea.2006.12.028,879,917,1479,,2.5,
Nb34.45Ni59.35Sn6.2,10.1063/1.1544434,882,930,,3,3,
Nb35Ni59Sn6,10.1557/JMR.2008.0084,890,924,,,2,
Nb35Ni60Sn5,10.1063/1.1544434,885,943,,2,2,
Nb35Ni60Zr5,10.1016/j.jallcom.2006.08.292,887,911,1458,,1.5,
Nb35Ni62Sn3,10.1557/JMR.2008.0084,890,924,,,2,
Nb37Ni60Sn3,10.1063/1.1544434,895,937,,2,2,
Nb40Ni60,10.1016/j.jallcom.2006.08.292,891,924,1478,,1,
Ni16P20Pd64,10.1038/ncomms10313,582,,983,,4,
Ni34Ti21Zr45,10.1016/j.commatsci.2016.02.037,642,683,1134,,0.7,
Ni36Pd36S28,10.1016/j.actamat.2018.07.039,426,439,734,,0.3,
Ni37Pd37S26,10.1016/j.actamat.2018.07.039,426,449,731,,2,
Ni38Pd38S24,10.1016/j.actamat.2018.07.039,429,451,733,,0.3,
Ni40P20Pd40,10.1016/j.msea.2006.06.053,,,,,25,
Ni42Pd31S27,10.1016/j.actamat.2018.07.039,430,457,756,,1.5,
Ni59Si2Sn3Ti16Zr20,10.1016/j.jnoncrysol.2003.10.011,821,877,1272,,3,
Ni59Si5Ti16Zr20,10.1016/j.jnoncrysol.2003.10.011,830,876,1304,,2,
Ni59Sn5Ti16Zr20,10.1016/j.jnoncrysol.2003.10.011,819,854,1288,,1,
Ni64P20Pd16,10.1038/ncomms10313,567,,1048,,2.5,
Ni80P20,10.1038/ncomms10313,581,,1161,,0.12,
